"007autosense.com	007 Auto Parts Inc."		
"1800radiator.com	Radiator Express"		
"2wayauto.com	2 Way Automotive & Industrial Supplies"		
"303products.com	303 Products Inc."		
"31inc.com	31 Incorporated"		
"3bracing.com	Don Schumacher Racing (DSR)"		
"3M.com	3M"		
"3Mco.com	3M Carquest Connection"		
"4mparts.com	4M Parts Warehouse"		
"4s.com	Four Seasons Div of SMP"		
"4wheelparts.com.mx	4 Wheel Land de Mexico"		
"aabrakeco.com	A & A Brake Co."		
"aafes.com	AAFES"		
"aawheel.com 	AA Wheel and Truck Supply"		
"abacamerican.com	American IMC"	 Inc.	
"abcauto.com	ABC Auto Parts"		
"abcgparts.com	Auto Brake Clutch & Gear"		
"abcsupply.com	VIC_ABC Supply"		
"abewarehouse.com	AB&E Warehouse"		
"abisson.ca	A Bisson et Fils Ltee"		
"abjauto.com	ABJ Auto Supply"		
"abric.com	Abric North American"		
"absfriction.com	ABS Friction"		
"ac-autoref.com.mx	Lorena Canales Morales"		
"accclimatecontrol.com	ACC Climate Control"		
"accmats.com	Auto Custom Carpet"		
"accuratebrake.com	Trans World Accurate Brake Ltd"		
"acdelco.com	ACDelco"		
"acehardware.com	Ace Hardware"		
"aceitesf.com.mx	Aceites Superfinos"	 S.A de C.V	
"acmesupplyVIC.com	VIC_Acme Supply"		
"acmetools.com	Acme Tools"		
"acmetruckbrake.com	Acme Truck Brake & Supply Co."		
"actfs.com	Act Fastening Systems"		
"actionauto.ca	Action Auto"		
"adelar.com.mx	Adelar S.A."		
"adobeair.com	AdobeAir Inc"		
"advanceadapters.com	Advance Adapters Inc."		
"advance-auto.com	Advance Auto Parts"		
"advanceci.com	Advance Auto Channel Intelligence"		
"advancesps.com	Advance Auto-SPS Testing Account"		
"advicbearing.ca	Advic Bearing & Auto"		
"advicsna.com	ADVICS North America Inc."		
"aed-inc.com	Automotive Electric Distributors"	 Inc.	
"aempower.com	Advanced Engine Management"		
"aetnatruckparts.com	Aetna Truck Parts Inc."		
"aetools.com	A & E Hand Tools"		
"afefilters.com	Advanced Flow Engineering (AFE)"		
"affiniabrakes.com	Brake Parts Inc. LLC"		
"affiniaglobalsales.com 	Affinia Global Sales"		
"affiniagroup.com	Affinia Global Filtration"		
"affiniagroup.com.mx	Affinia Mexico"		
"affiniaproduct.com	Affinia Product Corp LLC"		
"ageempaques.com.mx	Age Empaques de Mexico"	 SA De CV	
"agricover.com	Agri Cover"		
"agscompany.com	AGS Company (American Grease Stick)"		
"agscompanyedi.com	AGS Company (American Grease Stick) EDI"		
"airaid.com	Airaid Premium Filters"		
"aircat.com	Exhaust Technologies (AIRCAT)"		
"airdesign.mx	Airdesign S.A. de C.V."		
"airflowtechnology.com	Air Flow Technology"		
"airliftcompany.com	Air Lift"		
"airmasterfan.com	Airmaster Fan"		
"airtekcatco.com	Airtek Catco"		
"airtexproducts.com	Airtex Products"		
"ajayautomotive.com	A & Jay Automotive Warehouse"		
"ajmanufacturing.com	AJ Manufacturing"		
"ajrintl.com	AJR International"		
"ajsautowhs.com	AJS Auto Parts-Arizona Jobbers Supply"		
"ajwinc.com	Associate Jobbers Warehouse"	 Inc.	
"akartoolsltd.com	Akar Tools"		
"akebonobrakes.com	Akebono Brake Corp"		
"akron.com.mx	Mexicana de Lubricantes SA de CV"		
"alcaldeautoparts.com	Alcalde Auto Parts"	 Inc.	
"alcoa.com	Alcoa Fastening Systems"		
"aldoering.gcom	Al Doering"		
"alemite.com	Alemite Corporation"		
"alkota.com	Alkota Cleaning Systems Inc"		
"alliance.com	Aftermarket Auto Parts Alliance"	 Inc.	
"alliancemercantile.com 	Alliance Mercantile"		
"alliedbrooks.com	Allied Distributors (Brooks)"		
"alliedexhaust.com	Allied Exhaust"		
"allisoncorp.com	Allison Corp"		
"allpoweramerica.com	All-Power America"		
"allprodauto.com	All Products Automotive"		
"alltradetools.com	Alltrade Tools"		
"alltransremanufacturing.com	AllTrans Remanufacturing"		
"almexref.com	Almex Refacciones"		
"alonsovalencia.com.mx	Alonso Valencia (Auto Especialidades Franco)"		
"alpha-industries.com	Omega Plastics"		
"alphawarehouse.com	Alpha Warehouse"		
"alsautomotive.com	All Car Automotive Warehouse"		
"alsliner.com	Al's Liner (Scorpion Coatings)"		
"altboron.com	Advanced Lubrication Technology Inc"		
"altrom.com	Altrom Group"		
"alvadoautomotriz.com.mx	Alvado Automotriz"	 S.A. de C.V.	
"amalie.com	Amalie Oil Co"		
"amazon.com	Amazon.com Inc."		
"amazonca.com	Amazon Canada"		
"amecoint.com.mx	AMECO INTERNATIONAL SA DE CV"		
"americancondenser.com	American Condenser"		
"americancylinderhead.com	American Cylinder Head"		
"americanmovingparts.com	American Moving Parts"		
"americanpowerpull.com	American Power Pull"		
"americanproducers.com	American Producers Supply Co."		
"americanracing.com	American Racing"		
"americanracing_van.com	American Racing_VAN"		
"american-retro.com	American Retro"		
"ammcoats.com	Hennessy Industries Inc."		
"amp-research.com	AMP Research"		
"amprotools.net	Ampro Tools-Frenway-Mech Tools"		
"amrep.com	Amrep Inc"		
"amsautomotive.com	AMS Automotive"		
"anchor-online.com	Anchor Industries"	 Inc.	
"ancra.com	Ancra International LLC"		
"andersautoparts.com	Anders Auto Parts"		
"ansaautomotive.com	ANSA Automotive"		
"aocsa.com	AOCSA SA de CV"		
"apachehose.com	Apache Hose and Belt"		
"apdi.com	APDI-Automotive Parts Distribution International"		
"apexprod.com	Apex Products"	 LLC	
"apmosar.mx	Auto Partes Mosar"	 S.A. de C.V	
"apollotools.com	Apollo Tools"	 Ltd	
"apwgipeautomotive.com	APW Gipe Automotive"		
"apwusa.com	Alliance Parts Warehouse (APW)"		
"apymsa.com.mx	Autopartes y Mas (APYMSA)"		
"arbusa.com	ARB USA: Air Lockers Inc."		
"archautoparts.com	Arch Auto Parts"		
"arnoldoil.com	Arnold Oil Company"		
"arnoldoilco.com	ARNOLD OIL CO (Corpus Christi)"		
"aroautomotive.ca	Aro Automotive & Ind Supplies"		
"arrow-speed.com	Arrow-Speed Warehouse"		
"arsnet.com	American Refrigeration Supplies"		
"artsautoelectric.com	Art's Auto Electric Service"	 Inc.	
"arvinmeritor.com	AVM"		
"asap.com	ASAP Automotive Warehouse"		
"asasanel.com	Automotive Supply Associates"	 Inc. (ASA) (Sanel)	
"asc-ind.com	ASC Industries"		
"ascodc.com	Auto Supply Company"	 Inc of NC (ASCO)	
"asetusa.com	Aset"		
"ashland.com	Valvoline Company"		
"asiaautopartes.com.mx	Asia Autopartes y Complementos SA de"		
"asrco.com	American Safety Razor"		
"associatedequip.com	Associated Equipment Corporation"		
"associatedpackaging.com	Associated Packaging"	 Inc	
"astrotools.com	Astro Pneumatic Tool Co."		
"asttool.com	Assenmacher Specialty Tools"	 Inc	
"aswainc.com	ASWA"	 Inc.	
"atc.ws	Adhesives Technology Corp"		
"atd-us.com	American Tire Distributors"		
"atiracing.com	ATI Performance Product"	 Inc	
"atkengines.com	ATK North America"		
"atlanticpowerinc.com	Atlantic Power Inc."		
"atlanticundercar.ca	Atlantic Undercar"		
"atpbuyer.com	ATP Buyer"		
atp-inc.com	ATP Inc. (Automatic Transmission Parts)		
"atscoreman.com 	ATSCO Remanufacturing Inc"		
"atsdesign.com	Foam Molders"		
"attbellsouth.com	ATT Bellsouth"		
"auburngear.com	Auburn Gear"		
"audiovoxmexico.com.mx	AudioVox Mexico"		
"austinbrake.com	Austin Brake & Clutch Supply"		
"autoaccessoriesgarage.com	Auto Accessories Garage"	 Inc.	
"autoandtractor.com	Auto & Tractor Supply Co"		
"autoanything.com	Auto Anything"		
"autochem.com	Auto Chem"		
"autoconcept.ca	Auto Concept"		
"autodatapubs.com	Autodata Publications"		
"autoelectricservice.com	Auto Electric Service Ltd"		
"autofastenergroup.com	Auto Fastener Group"		
"autofranco.com.mx	Autorefacciones Franco"		
"autoline.ca	Autoline"		
"autometer.com	Auto Meter"		
"automotivesupplyco.com	Automotive Supply Co-UCR"		
"automotivewdinc.com	Automotive WD Inc."		
"automotivewhlsl.com	Automotive Whlsl Dist"		
"automotrizserva.com.mx	Automotriz Serva S.A. De C.V."		
"autopartsawdi.com	Automotive Warehouse Dist(AWDI)"		
"autopartscomponents.com	Autoparts Components"		
"autopartshq.com	Automotive Parts Headquarters"		
"autopartsinc.com	Auto Parts Company"		
"autosupplyinc.net	Automotive Warehouse Company"		
"autotapetesmercurio.com	Hulera Automotriz S.A."		
"autotechwhse.com	Auto Tech Warehouse"		
"autotodo.com.mx	Auto Todo Mexicana S.A. de C.V."		
"autotodo.gpcvan.com 	Auto Todo VAN (GPC)"		
"autotoolgroup.com	The Auto and Tool Group"		
"autotyc.com	Radec SA de CV"		
"autowares.com	Auto Wares"	 Inc-APC Stores	
"autowax.com	Auto Wax ITW Finishing Materials Group"		
"autozone.com	AutoZone"		
"auveco.com	Auto Vehicle Parts Co."		
"axiom.com	Axiom Automotive"		
"axiomcanada.com	Axiom Automotive Canada"		
"bajioelmoderna.com.mx	Refaccionaria Moderna del Bajio"		
"baldovinos.com.mx	Pedro Baldovinos e Hijos"	 S.A. De C.V	
"balkamp.com	Balkamp"		
"bandousa.com	Bando USA"		
"bardahl.com.mx	Bardahl de Mexico SA de CV"		
"barrettsautomotive.com	Barretts Automotive Warehouse"		
"bartecusa.com	Bartec USA LLC"		
"basf.com	BASF"		
"batistauto.com	Batist Distributors"		
"bbbind.com	BBB Industries"		
"bbbor.com	BBB OR"		
"bbkperformance.com	BBK Performance"		
"bbmanufacturing.com	B&B Manufacturing Corp."		
"bbwhse.com	B & B Warehouse"		
"bdcfederated.com	Brownlee Distributing Co."	 Inc	
"beckarnley.com	Beck-Arnley World Parts Corp"		
"becool.com	Be Cool"		
"bedrug.com	Bedrug"		
"belletire.com	Belle Tire"		
"benchmade.com	Benchmade Knife Company"		
"bendixbrake.com	Honeywell-Bendix"		
"bennettauto.com	Bennett Auto Supply Inc"		
"bepco.biz	Bepco Inc"		
"bercoautomotive.com	Berco Automotive Supply"		
"bergautosupply.com	Berg Auto Supply"		
"bernzomatic.ca	Bernzomatic Canada"		
"bernzomatic.com	Bernzomatic"		
"berrodin.com	Berrodin Co"		
"berrymanproducts.com 	Berryman Products Inc"		
"bestbuy.com	Best Buy"		
"bestbuyautoparts.ca	Bestbuy Distributors Limited"		
"bestop.com	Bestop"		
"bestwaytools.com	Skyo-Bestway Tools"		
"bettsspring.com	Betts Spring Company"		
"bierschbach.com 	Bierschbach Equipment & Supply"		
"bigblockauto.ca	Big Block Auto & Farm Supply"		
"bigboyauto.com	Big Boy Auto"		
"bigcityautomotive.com	Big City Automotive Warehouses"		
"bilsteinus.com	ThyssenKrupp Bilstein of America"	 Inc.	
"birchauto.com	Birch Auto Farm Supply"		
"birdstairs.ca	Bird Stairs"		
"bjparts.ca	B&J Parts Ltd"		
"blairequipment.com	Blair Equipment Company"		
"blasterchemical.com	Blaster Chemical Companies"	 Inc.	
"blinefilter.com	B-Line Filter & Supply"		
"blitzusa.com	Blitz USA"		
"bltllc.com	Better Life Technology"	 LLC	
"bluehawk.com	Blue Hawk Distribution"		
"bmracing.com	B & M Racing & Performance Products"		
"bmracingedi.com	B & M Racing & Performance Products (EDI)"		
"bnsdistributing.com	B & S Distributing"		
"bodyarmor4x4.com	Body Armor-Tolar Mfg"		
"bomgaars.com	Bomgaars"		
"bondauto.com	Bond Auto Parts"		
"borgeson.com 	Borgeson Universal Co."		
"borgwarner.com	Borg Warner Transmission Systems"		
"borla.com	Borla Performance Industries"		
"bosalperformance.com	Bosal USA Inc."		
"bosch.com.mx	Robert Bosch"	 S. de R.L. de C.V.	
"boschllc.com 	Robert Bosch LLC"		
"boyer.com	Boyer Truck-Auto Sense Thunder Bay"		
"bp.com	BP Lubricants USA Inc"		
"bradsales.com	Brad's Sales Company"		
"brakebleeder.com	Phoenix Systems"		
"brakemotive.com	BrakeMotive"		
"brakeplace.com	Brake & Equipment Warehouse"	 Inc.	
"branick.com	Branick Industries"	 Inc.	
"brembo.com	Brembo Inc."		
"bremboedi.com	Brembo North America (EDI)"		
"brewerscpp.com	Brewers Car Parts Plus dba Grand Valley Dist"		
"brightonauto.ca	Brighton Auto & Industrial Supply"		
"brightsol.com	Bright Solutions"	 Inc.	
"brockwhite.com	Brock White"		
"brummer.com.mx	Talleres Mecanicos Montserrat SA de CV (aka Brummer Mexicana)"		
"btbautoparts.com	Parts Warehouse Inc. (Arkansas)"		
"buckhorninc.com	BUCKHORN CANADA INC.(AKRO)"		
"budgeindustries.com	Budge Industries LLC"		
"bullydog.com	Bully Dog Sales"		
"burnslake.ca	Burns Lake Automotive"		
"burtoncompanies.com	Burton Companies Inc. (Service Parts Warehouse)"		
"bushwacker.com 	Bushwacker"		
"buyereditest.com	Buyer Test Account EDI"		
"buyerfftest.com	Buyer Test Account Flat File"		
"buyersproducts.com	Buyers Products Co"		
"buyertestcathy.com	Buyer Test Account Cathy"		
"buyerxmltest.com	Buyer Test Account XML"		
"buyriteauto.com	Buy Rite Auto Store"		
"buyritetruckparts.com	Buy Rite Truck Parts"		
"bytown.ca	Bytown Diesel"		
"ca.bosch.com 	Robert Bosch Inc.-Canada"		
"cadna.com	Cadna Rubber Company"	 Inc.	
"caericksonmfg.com 	Erickson Manufacturing Canada"		
"c-aireinc.com	C'Aire"		
"calcarduster.com	California Car Duster"		
"calderon.com.mx	Comercializadora de Autopartes Calderon"		
"calforms.com	Calibrated Forms Co"		
"calstateautoparts.com	Cal State Auto Parts"	 Inc	
"calsteam.com 	Cal-Steam"		
"cambroproducts.com	Cambro Products"		
"canabrake.mx	Auto Manufacturas Brake SA de CV"		
"canadiantire.com	Canadian Tire Corp"		
"canusa-cdc.com	CANUSA Automotive Warehousing Inc"		
"caravancanopy.com	Caravan Canopy Intl Inc"		
"carchemistry.com	Car Chemistry"	 Inc.	
"cardone.com	Cardone Industries"		
"cargobluemagic.com	Blue Magic"		
"cargohd.com	Cargo Heavy Duty"		
"carletonindustrial.ca	Carleton Industrial Supply"		
"carlisle.com	Carlisle Motion Control"		
"carmauto.ca	Carm Auto AG Parts"		
"carpak.ca	Carpak Distributors Corporation"		
"carpartsnh.com	Carparts Distribution Center Inc"		
"carpartswarehouse.net	Car Parts Warehouse Inc"		
"carpe.com.mx	CARPE SA DE CV (POS) MEXICO"		
"carquest.ca	Carquest Canada"		
"carquest.com	CARQUEST General Parts"	 Inc.	
"carquestproducts.com	CPI GLOBAL SOURCING"		
"carquestvision.com	Carquest Vision"		
"carrand.com	Carrand"		
"carrier.utc.com	Carrier"		
"cartechbooks.com	CarTech"	 Inc.	
"carterautoparts.com	Carter Automotive Warehouse"		
"carterfuel.com	Carter Fuel Systems"		
"carterwaters.com	Carter-Waters"		
"cascoglobal.com	Casco Products"		
"casperselectronics.com	Casper's Electronics"		
"castrol.mex	Castrol Mexico SA de CV"		
"cat.com	Caterpillar"		
"cbsparts.ca 	CBS Parts"		
"cccbox.com	Corrugated Container Corp."		
"cdc.com	CDC Distribution Centres Inc"		
"cditorque.com	CDI Torque (Snap On Spec Tools)"		
"cedisa.com.mx	Centro de Distribucion SA de CV"		
"cedisa.com.mx.ha	Centro de Distribucion Hacienda"		
"cencan.com	Central Canada Industries (Auto Parts Central)"		
"cengage.com	Cengage Learning"		
"centralautoparts.ca 	Central Auto Parts Distributors"		
"central-oil.com	Central Oil and Supply"		
"centralpower.com	Central Power Systems"		
"centraltools.com	Central Tools Inc."		
"centricparts.com	Centric Parts"		
"centurydrill.com	Century Drill & Tool"		
"cequentgroup.com	Cequent Group"		
"cequentperformance.com	Cequent Performance Products"		
"cerma.com.mx	CERMA Refaccionarias"		
"cgicanada.ca	Capital Crane Limited"		
"chagear.com	CHA Industries"		
"chainquest.com	Quality Chain Corp"		
"champlabs.com	Champion Laboratories"	 Inc.	
"chapinmfg.com	Chapin Manufacturing"		
"charlottepipe.com	Charlotte Pipe & Foundry"		
"chasephipps.com	Chas E Phipps Company"		
"chetnichols.com	Chet Nichols Auto Parts"		
"chevron.com 	Chevron Products Company"		
"chieftain.ca	Chieftain Auto Parts"		
"china-uuu.com	CRS UUU (OReilly Connection Only)"		
"chromite.com.mx	CHROMITE COMERCIAL SA CV"		
"churchautoparts.com	Church Auto Parts Inc"		
"cinderellainc.com 	Cinderella"	 Inc.	
"ciosa.com	Grupo Ciosa S.A. de C.V."		
"circlecityautoparts.net	Circle City Auto Parts"		
"citationce.com	Citation"		
"cityautoparts.ca	City Auto Parts"		
"cityautosupply.com	City Auto Supply (Parts Warehouse Distributors)"		
"cjcautoparts.com	CJC Auto Parts and Tires"		
"clarkeusa.com	Clarke Power Products"	 Inc.	
"class8parts.com	Class 8 Parts"	 Inc.	
"claudia.com	Claudia Geraldin Quintero Gazca"		
"clean-rite.com	Aiken Chemical Company"		
"cleantools.net	CleanTools"	 Inc	
"clevite.com	Mahle Aftermarket Inc."		
"cliplight.com	Cliplight Manufacturing"		
"cloreautomotive.com	Clore Automotive"		
"cloyes.com	Cloyes Gear and Products Inc"		
"cmworks.com	Columbus McKinnon"		
"coastalboot.com	Coastal Boot"		
"coastcutlery.com	Coast Cutlery"		
"coldairdistributors.com	Cold Air Dist Whse of Fla"		
"colehersee.com	Cole Hersee Co"		
"coleman-cable.com	Coleman Cable"		
"coman.com	Federated Co-Man Warehouse"		
"comcast.net	Premier Marketing Group Inc"		
"commercialbrakeclutch.com	Commercial Brake & Clutch"		
"compcams.com	Competition Cams"		
"comppress	Competitive Press"		
"compressorworks.com	Compressor Works"		
"compspecialties.com	Competition Specialties"		
"coni-seal.com	Coni-Seal"	 Inc	
"conocophillips.com	ConocoPhillips"		
"consolidated-supply.com	Consolidated supply"		
"continentalbattery.com	Continental Battery"		
"continentaltire.com	Continental Tire North America"		
"contionline.com	Continental Automotive Systems"		
"contitech.com.mx	ContiTech Mexicana SA de CV"		
"cookbrothersautoparts.com	Cook Brothers"		
"coolearthinc.com	Cool Earth Refridgerants Inc"		
"cooperbussmann.com	Cooper Bussmann"		
"coopertire.com	Cooper Tire Town"		
"corbeau.com	Corbeau USA LLC"		
"cordskey2.com	Cords Key-2 Auto"		
"coremt.com	Core Molding Technologies"		
"cornerbrookautomotive.com	Corner Brook Auto"		
"cornwelltools.com	Cornwell Quality Tools"		
"corporatebasf.com	BASF Corporation (Elemica)"		
"covalence.com	Covalence Plastics(Berryman)"		
"cowanautosupply.com	Cowan Auto Supply"	 Inc.	
"cp.com	Chicago Pneumatic"		
"cpfilms.com	CP Films-Courtalds"		
"cpscornwell.com	CPS PRODUCTS"	 INC-SPS Connection	
"cpsproducts.com	CPS Products"		
"cqbwp.com	BWP Distributors"		
"cranecams.com	Crane Cams Inc."		
"crankshaftrebuilders.com	Crankshaft Rebuilders"		
"cra-wal.com	Cra-Wal Container"		
"crc-canada.ca	CRC Canada Inc"		
"crcindustries.com	CRC Industries"		
"crescentparts.com	Crescent Parts & Equipment"		
"crkt.com	Columbia River Knife & Tool"		
"crofttruck.com	Croft Truck"		
"crownautoEDI.com	Do Not USE -Crown Auto Sales EDI"		
"crownautomotive.net	Crown Automotive Sales Co Inc"		
"crpindustries.com	CRP Industries"		
"cruiserframes.com	Cruiser Accessories"		
"crumex.com.mx	Manufactura CM de Suspensiones (Crumex)"		
"crushproof.com	Crushproof Tubing Company"		
"cryomaxusa.com	Cryomax"		
"csfimports.com	CSF Inc"		
"cskauto.com	CSK Auto"		
"cstaz.com	CST AZ (Motorad)"		
"cstinc.org	CST Inc"		
"ctrgroup.ca	CTR Auto-Industrial Supply"		
"cummins.com	Cummins Filtration"		
"cuprum.com	Louisville Ladder"		
"currieenterprises.com	Currie Enterprises"		
"curtmfg.com	Curt Manufacturing"		
"cutrateautoparts.com	Cut Rate Auto Parts"		
"cwcarterco.com	Charles W Carter Co"		
"cyberdynegauges.net	Cyberdyne"	 Inc.	
"cyclo.com	Cyclo Industries"		
"dacomsa.com.mx	Dacomsa"		
"dai.com.mx	Distribuidora de Auto Industrias S.A. De C.V."		
"dakotadigital.com	Dakota Digital"		
"dana.com	Dana Corporation-Heavy Vehicle Technologies & Systems Service Division"		
"danaher.com	Danaher"		
"dapesa.com.mx	Distribuidora de Autopartes Pescador"	 S.A. De C.V.	
"daval.ca	Daval Automotive & Ind Supply"		
"davicomfg.com	Davico Manufacturing"		
"daviessg.com	Davies Supply Group"		
"daycoproducts.com	Dayco Products LLC"		
"daystarweb.com	Daystar"		
"dcimarketing.com	DCI"		
"dcm-mfg.com	Maradyne High Perf."		
"dcproductos.com.mx	MANUFACTURAS DIVERSAS SA CV"		
"dealerautopartssales.com	Dealer Auto Parts Sales"		
"deaproducts.com	DEA Products"	 Inc.	
"decarolis.com	DeCarolis Heavy Duty Parts"		
"deezachassis.com	Deeza Chassis"		
"deezee.com	Dee Zee"	 Inc.	
"delcoline.com	DELCOLINE INC"		
"delphi.com	Delphi Corporation"		
"delphi.com.mx	Delphi Mexico"		
"dempstersauto.ca	Dempster's Automotive"		
"denko.com.mx	DENKO INTERNACIONAL SA DE CV"		
"denso.ca	Denso Canada"		
"denso-diam.com	Denso Products and Services Americas"	 Inc.	
"derale.com	Derale (CP Automotive)"		
"devilbiss.com	DeVilbiss Automotive Refinishing"		
"dgyrsa.com 	Distribuidora GYR S.A. de C.V."		
"Diesel.com	Pender Harbour Diesel Ltd"		
"digosa.com.mx	Distribuidores del Golfo"	 S.A.-Digosa Autopartes	
"dinamex.com.mx	Dinamex (Damsa"	 Tomco	 Kem)
"directed.com	Directed Electronics"	 Inc.	
"discounttireco.com	Discount Tire Company"		
"dispro.com	Dispro Automotive"		
"diversifiedshaft.com	Diversified Shaft Solutions Inc"		
"dixie-net.com	Allpak Inc"		
"dixiesales.com	Dixie Sales Co"		
"djmsuspension.com	DJM Suspension"		
"dlkautoparts.com	Autocolor of Pittsburgh (DLK Autoparts)"		
"dns-2000.com	Armature DNS"		
"doitbest.com	Do It Best"		
"dominionsureseal.com	Dominion Sure Seal Ltd."		
"donaldson.com	Donaldson Company"		
"donaldson.com.mx	Donaldson S.A. De C.V"		
"dormanbrake.com	Dorman Brake Parts-Allparts"		
"dormanproducts.com	Dorman Products"	 Inc.	
"dorvalautoparts.com	Dorval Auto Parts"		
"dougthorleyheaders.com 	Doug Thorley Headers"		
"drivetrainindustries.com	Drive Train Industries"		
"dssteeringservice.com	D & S Steering Service Inc."		
"dtcomponents.com	North Coast Bearings-DT Components"		
"dupont.ca	DuPont Canada"		
"dupont.com	DuPont Fluoro Products"		
"durabond.com	Dura-Bond Bearing Company"		
"duragloss.com	Duragloss-Brothers Research Corp"		
"durofix.com	Durofix Inc"		
"dvair.ca	Devair Inc"		
"dwarehouse.com	Distributors Warehouse"		
"dynaline.com	Dynaline Industries Inc."		
"e3sparkplugs.com	Pyrotek E3"	 LLC	
"eagle-mfg.com	Eagle Mfg Co"		
"eapw.com 	Eastern Warehouse Distributors"	 Inc.	
"easternautosupply.ca	Eastern Auto Supply"		
"easternautowh.com	Eastern Automotive Warehouse"		
"easterntools.com	Eastern Tools + Equipment"		
"eastpenncanada.com	East Penn Canada"		
"eastpenncanadawg.com	East Penn Canada Carquest Connection"		
"eastpenn-deka.com	East Penn Manufacturing"		
"ebcbrakes.com	EBC Brakes-Hy-Tech"		
"eco.com.mx	ECOLOGIA EN COMBUSTION"	 S.A. DE C.V.	
"edelbrock.com	Edelbrock"		
"edelbrock_van.com	Edelbrock-VAN"		
"edgeproducts.com	Edge Products"		
"e-encore.com	Encore Plastic Corporation"		
"efproducts.com	EF Products"		
"efwalter.com	E.F. Walter Inc"		
"egarama.com.mx	Automotriz Egarama"	 S.A. de C.V.	
"egrinc.com	EGR Inc"		
"eharwood.com	Harwood Industries"		
"eibach.com	Eibach Springs"	 Inc.	
"eiko.com	Eiko Canada Limited"		
"eiko-ltd.com	Eiko USA"		
"eklindtool.net	Eklind Tool Company"		
"elbattery.com	E & L Battery & Ignition Co."	 Inc	
"electric-life.com 	Electric Life"	 Inc.	
"elegantusa.com	Elegant USA"	 LLC	
"elprogreso.com.mx	Autopartes El Progreso S.A de C.V."		
"emhart.com	Emhart Teknologies"		
"empius.com	EMPI Inc"		
"emsamofles.com.mx	Escapes Monterrey"	 S.A. de C.V. (Emsa Mofles)	
"enationalperformance.com	National Performance Warehouse"		
"enconsafety.com	Encon Safety"		
"enejh.com	Cables Automotrices de Hidaigo SA de CV (ENEJH)"		
"energizer.com.ca	Energizer Canada"		
"energizer.com.mx	Eveready S.A. de C.V."		
"energysuspension.com	Energy Suspension"		
"engineparts.com	Mahle Aftermarket Inc."		
"epicorcpdev.com	Epicor (CP) Development"		
"epwi.net	Engine and Performance Warehouse"		
"epwina.net	Engine and Performance Warehouse (Vendor)"		
"equusmatco.com	Equus (TruCommerce)"		
"ergodyne.com	Ergodyne Corporation"		
"ericksonmfg.com	Erickson Manufacturing Ltd USA"		
"ericksonmfgca.com	Erickson Manufacturing Ltd USA"		
"esauto.net	E&S Auto Parts-POJA Whse Location 60"		
"esitest.com	Electronics Specialties"		
"etwcorp.com	Eastern Tool Warehouse (ETW)"		
"etymotic.com	Etymotic Research Inc"		
"eugeneserviceparts.com	Eugene Service Parts-Fortuna Distributing"		
"eurorotor.com	Montreal Warehouse (Entrepot de Montreal)"		
"evapo-rust.com	Harris International Laboratories"		
"excelauto.com	Excel Automotive"	 Inc.	
"exedyusa.com	EXEDY Globalparts Corp"		
"exel.com.mx	Exel de Monterrey SA de CV"		
"exide.com	Exide Technologies"		
"exidecan.com	Exide Technologies Canada"		
"explorercomp.com	Explorer Pro Comp"		
"extang.com	Extang Inc"		
"e-z-hook.com	E-Z Hook"		
"ezmix.com	E-Z Mix"		
"ezred.com 	E-Z Red"		
"fabtechmotorsports.com	Fabtech Motorsports"		
"facet-purolator.com	Motor Components LLC"		
"factorymotorparts.com	Factory Motor Parts Company"		
"falconsteering.com	Falcon Steering Systems"		
"farmandfleet.com	Blain Supply"		
"fastparts.com	Fast Parts Plus"		
"fatsalaska.com	Foreign Auto and Truck Supply"		
"fbs-online.com	FBS Distribution Co"		
"fcsautoparts.com	FCS Automotive International"		
"fdpbrakes.com	FDP of Virginia"		
"feco.net	Frank Edwards Company"		
"federal-mogul.com	Federal Mogul Corp"		
"federal-mogul.com.mx	Federal Mogul Servicios Administrativos"		
"fedex.com	Federal Express (FedEx)"		
"fencoparts.com	Fenwick Automotive Products"		
"ferguson.com	Ferguson"		
"fergusonparts.com	Ferguson Parts & Packaging"		
"ferregrupoportales.com.mx	Erich Hernandez Arenas"		
"fiammamerica.com	Fiamm Technologies"	 Inc.	
"fidanza.com	Fidanza Engineering Corp"		
"fillontech.com	Fillon Technologies North America"		
"filtermag.com	TigerMAG"	 Inc.	
"finditparts.com	FinditParts"		
"finishmaster.com	Finishmaster"		
"firestoneindustrial.com	Firestone Industrial Products"		
"firstcall.com	First Call Truck Parts"	 Inc.	
"fisherautoparts.com	Fisher Auto Parts"		
"fivestarmanufacturing.com	Five Star Mfg"		
"fjcinc.com	FJC"		
"flamingriver.com	Flaming River Industries Inc."		
"fleetbrake.com	Fleet Brake Parts & Service"		
"fleetengineers.com	Fleet Engineers Inc"		
"fleetpride.com	FleetPride"		
"fleettruck.com	Fleet Truck Parts"	 Inc.	
"flexalite.com	Flex-a-Lite Consolidated"		
"flitz.com	Flitz International LTD"		
"flodynamics.com	Flo-Dynamics"		
"flowmastermufflers.com	Flowmaster Muffler"		
"fmabex.com	Federal Mogul-ABEX"		
"fmaparts.com	Ft Myers Automotive & Industrial Supply"		
"FMCooper.com	Federal Mogul-Cooper"		
"fmi.com	Freedom Marketing (FMI) (For FF Connections)"		
"fmipcb.com	Freedom Marketing"		
"FMMoog.com	Federal Mogul-MOOG"		
"fmpco.com	Factory Motor Parts Company-CarQuest  ONLY"		
"fmsiinc.com	FMSI Automotive Hardware"		
"fordaccessories.com	Ford Accessories"		
"fordmotorcraft.com	Ford Motorcraft"		
"fordracingparts.com	Ford Racing Performance Parts"		
"forecastOR.com	Forecast OR (DO NOT USE)"		
"forecastparts.com	Forecast Trading Corp (FTC)"		
"forneyind.com	Forney Industries"		
"fortins.com	Fortins Auto Supply"		
"forwardlift.com	Forward Lift"		
"fosterparts.com	Winhere Brake Parts Inc – China"		
"fosterpartsinc.com	Winhere Brake Parts Inc"		
"fourwheelparts.com	Transamerican Four Wheel Parts"		
"fourwheelpartsvic.com	Transamerican 4 Wheel Parts VIC"		
"foxracingshox.com	Fox Racing Shox"		
"fpd.com	Foreign Parts Distributors Inc"		
"franklinmint.com	Franklin Mint"		
"franksupplyco.com	Frank Supply Co"		
"frasle.com	Fras-le North America"		
"fremax.com	Jofund S.A."		
"frenoslightning.com	Lightning Rotors"		
"friction1.com	Friction One (Ruiyang Automtive)"		
"fryselectronics.com	Fry's Electronics"		
"fuelsender.com	S.U.R.& R. Auto Parts Inc."		
"fulllineexhaust.com	Full Line Exhaust"		
"furbyauto.ca	Furby Auto Supply"		
"fvfowler.com	Fred V. Fowler Co. Inc."		
"gabriel.com	MAT Holdings (Ride Control)"		
"gamasa.com.mx	Grupo Automotriz Mayorista SA de CV"		
"gapauto.com	International Parts Warehouse-Laredo Gonzalez"		
"gardnerconnell.com	Gardner-Connell LLC"		
"gardnerdenver.com	Gardner Denver Inc"		
"gardnerinc.com	Gardner Inc"		
"gardner-westcott.com	Gardner- Westcott"		
"garvin.com	Garvin Industries"		
"gates.ca	Gates Canada"		
"gates.com	Gates Corporation"		
"gatesmx.com	Gates Mexico"		
"gatorgrit.com	Ali Industries"		
"gbreman.com	GB Remanufacturing"		
"gcommconnectiontest.com	GCommerce Connectivity Testing Account"		
"gcommvic.com	GCOMMVIC"		
"gedoreklann.com 	Klann Tool"		
genera.com	Genera Corp		
"generalautoparts.com	General Auto Parts"		
"generalcable.com	General Cable Corp."		
"generalcableautomotriz.com	General Cable Automotriz"		
"general-tech.com	General Tech International"		
"genpt.com	Genuine Parts Company (GPC)-Napa"		
"gentlkleen.com	Gent L Kleen Products"		
"gerrysauto.ca	Gerrys Automotive Ltd"		
"gersonco.com	Gerson Company"		
"getagrip.com	Wheel Wax"		
"gfii.com	Greenfield Industries"		
"gforce.com	G-Force Racing Gear"		
"gforcewb.com	G-Force Racing Gear WG"		
"gibsonperformance.com	Gibson Performance Exhaust"		
"gilbertparts.com	Gilbert Parts Depot"		
"gilmoreproducts.com	Gilmore Products"		
"gilmoreproductsedi.com	Gilmore Products (EDI Conversion)"		
"gilmoursupply.com	Gilmour Mfg Co"		
"gkindustries.com	G. K. Industries Ltd."		
"globalaccessories.com	Global Accessories"	 Inc.	
"gmb.net	GMB North America"		
"goerlichs.ca.com 	Goerlich Ap Exhaust Systems Canada"		
"goerlichs.com	Goerlichs AP Exhaust Systems"		
"gofastsports.com	Go Fast Sports & Beverage"		
"gojo.com	Gojo Industries"		
"goldeagle.com	Gold Eagle"		
"goodallmfg.com 	Goodall Mfg."		
"goodinco.com	Goodin Company"		
"goodmarkindustries.com	Goodmark"		
"goodyear.com	Goodyear-Veyance"		
"goodyeartire.com	Goodyear Tire & Rubber"		
"gopherengines.com	Gopher Engines"		
"gorancho.com	Tenneco Ride Control"		
"gorddavenport.com	Gord Davenport Automotive"		
"gorhino.com	Go Rhino Products"		
"gorilla-auto.com	Gorilla Auto"		
"gorlicksdistribution.com	Thrifty Supply-Gorlicks Distribution-Interstate Manufacturing"		
"gossindustries.com	Goss Industries"		
"gouniversalproducts.com	Universal Products"	 Inc.	
"gpartsinc.com	Global Parts"	 Inc.	
"gpi.net	Great Plains Industries Inc"		
"grainger.com	WW GRAINGER"		
"granatellimotorsports.com	Granatelli"		
"grantproducts.com	Grant"		
"greatamerican.com	Great American"	 Inc.	
"greatlakes.com	Great Lakes Performance VIC"		
"greenleetextron.com	Greenlee Textron"		
"greensautoparts.com	Greene's Auto Parts"		
"gren.com	Gren Automotive"	 Inc.	
"griffinrad.com	Griffin Thermal Products"		
"grote.com	Grote Industries"	 Inc.	
"grupoamaro.com.mx	Refaccionaria Dinamica de Tehuacan S.A. De C.V."		
"grupocordero.com.mx	Autopartes Cordero"	 S.C. de R.L. de C.V.	
"grupodaj.com.mx	Mayoreo Internacional Automotriz"	 S.A. de C.V.	
"grupogonher.com	Grupo Gonher SA de CV"		
"grupogonher.com.mx	Gonher Mexico(Lubral-Enerya-GonMex-GonGua)"		
"grupoherres.com.mx 	Grupo Herres"		
"grupomaran.com.mx	Auto Electrica y Accesorios SA de CV (MARAN)"		
"grupomorsa.com	Morsa Grupo Automotriz"		
"grupoquakerstate.com.mx 	Grupo Quaker State"		
"grupotg.mx	Grupo TG (Suspensiones TG)"		
"gsbattery.com	GS Battery"		
"gspnorthamerica.com	GSP NA"		
"gspnorthamerican.com	GSP NA"		
"guiaroji.com.mx	GUIA ROJI"	 S.A DE C.V.(POS)	
"gunk.com	Radiator Specialty Co"		
"gxtauto.com	GXT"		
"h3rperformance.com	H3R Performance"		
"hahnauto.com	Hahn Automotive Warehouse"		
"hamptonproducts.com	Hampton Products"		
"hamsar.com	Hamsar Diversco Inc"		
"hansenracing.se	Hansen Racing AB"		
"hansondistributing.com	Hanson Distributing Company"		
"harborind.com	Harbor Industries"		
"hardblok.com	H & H Specialties"	 Inc.	
"hardybrake.com	Hardy Brake & Electric Co."	 Inc.	
"harlandsharp.com	Custom Speed Parts"		
"harmanhvs.com	Harman Heavy Vehicle Specialists"		
"hastingsfilters.com	Hastings Filters"		
"hastingsmfg.com	Hastings  Manufacturing"		
"haulerssupply.com	Haulers Supply"	 Inc.	
"hawkperformance.com	Wellman Products (Hawk Performance)"		
"haynes.com	Haynes Manuals"	 Inc.	
"haywardnet.com	Hayward Pools"		
"hbsna.com	Haldex Brake Products"		
"hdaaccuride.com	HDATP Accuride"		
"hdaaffiniagroup.com	HDATP Affinia Wix"		
"hdaarvinmeritor.com	HDATP Meritor"		
"hdabaldwin.com	HDATP Baldwin"		
"hdabendix.com	HDATP Bendix"		
"hdacoletruck.com	Cole Truck Parts"		
"hdadaycoproducts.com	HDATP Dayco"		
"hdadayton.com	HDATP Dayton Parts"		
"hdadelcoremy.com	HDATP Delco Remy"		
"hdadonaldson.com	HDATP Donaldson"		
"hdaeastpenn-deka.com	HDATP East Penn"		
"hdaertrailer.com	E & R Trailer Sales & Service"	 Inc.	
"hdaexide.com	HDATP Exide"		
"hdagates.com	HDATP Gates Rubber"		
"hdagoodyear.com	HDATP Goodyear"		
"hdagorancho.com	HDATP Monroe"		
"hdagrote.com	HDATP Grote-U.S."		
"hdagroteca.com	HDATP Grote-Canada"		
"hdagunk.com	HDATP RSC Chemical-US"		
"hdaidindustries.com	ID Industries"		
"hdakinedyne.com	HDATP Kinedyne"		
"hdakroegerequip.com	Kroeger Equipment & Supply Co."		
"hdalouisville.com	Louisville Auto Spring"		
"hdameicorp.com	HDATP MEI Corporation"		
"hdamerica.com	HDA Truck Pride-Central Pay"		
"hdamidwestwheel.com	Midwest Wheel Companies"		
"hdaminimizer.com	HDATP Minimizer"		
"hdantnamerica.com 	HDATP NTN Bearing"		
"hdantncanada.com	HDATP NTN Bearing Canada"		
"hdaoriginalparts.com	Original Parts Warehouse (OPW)"		
"hdapai.com	HDATP PAI"		
"hdaphillips.com	HDATP Phillips Industries"		
"hdaskf.com	HDATP SKF"		
"hdastemco.com	HDATP Stemco US"		
"hdastemcoca.com	HDATP Stemco Canada"		
"hdastonetruckparts.com	Stone Truck Parts"	 LLC	
"hdatecca.com	HDATP Tectran Canada"		
"hdatectraninc.com	HDATP Tectran"		
"hdatimken.com	HDATP Timken"		
"hdatp.com	HDA Truck Pride-Carbon Copy"		
"hdatpmw.com	HDA Truck Pride Master Warehouse"		
"hdatramecsloan.com	HDATP Tramec Sloan"		
"hdatripler.com	Triple R Truck Parts"	 Inc.	
"hdatruck-lite.com	HDATP Truck-Lite"		
"hdatrucksupplysc.com	Truck Supply Co. of South Carolina Inc."		
"hdawebbwheel.com	HDATP Webb Wheel"		
"hdheavyduty.com	Heavy Fleet Products"	 Inc.	
"hdsupply.com	HD Supply Hughes Supply"		
"hellamex.com	HELLAMEX SA de CV"		
"hellausa.com	Hella Inc"		
"hellwigproducts.com	Hellwig Suspension"		
"hendersonwheel.com	Henderson Wheel & Warehouse"		
"henkelna.com	Henkel Loctite Corporation"		
"hennessyindVIC.com	Hennessy Industries VIC"		
"heriautomotive.com	Heri Automotive Inc"		
"hickok-inc.com	Hickok"	 Inc. (Waekon Industries)	
"highclean.com	Bull Master SA de CV"		
"highlandglen.com	Highland Glen Manufacturing"	 Inc.	
"hi-lift.com	Hi-Lift Jack Co. (Bloomfield Manufacturing Co)"		
"hinescreek.ca	Hines Creek Part Mart"		
"hiredhand.com	Hired Hand H & H Technology"		
"hitachi-hap.com	Hitachi Automotive Products"		
"hi-techengine.com	Hi-Tech Engine Components"		
"hoautopartes.com.mx	Refacciones Automotrices Huante"		
"holley.com	Holley Performance Products"	 Inc.	
"honeywell.com	Honeywell-Prestone-Fram G"		
"honeywellauto.com	Honeywell"	 S.A. De C.V.	
"honeywellecc.com	Honeywell Environmental and Combustion Controls"		
"hopkinsmfg.com	Hopkins Manufacturing"		
"hotrodair.com	Hot Rod Air"	 Inc	
"hougen.com	Blair Equipment Company"		
"hovisauto.com	Hovis Auto Supply"		
"hpaulin.com	H Paulin & Co ltd"		
"hsautoshot.com	H & S Autoshot"		
"hughesperformance.com	Hughes Performance"		
"huskyliners.com	Husky Liners (Winfield Consumer Products"	 Inc.)	
"hutchensindustries.com	Hutchens Industries"		
"hutchinsmfg.com	Hutchins Manuf. Co."		
"hydraulicsource.com	Hydraulic Source Inc"		
"hy-ko.com	Hy-Ko Products Company"		
"hyperlube.com	Hy-Per Lube Corporation"		
"hypertech.com	Hypertech"		
"iaparts.com	Interstate Auto Parts Warehouse"		
"iapwest.com	IAP Dura"		
"ibilima.com	International Brake-Carlson Brake Parts"		
"icce.com.mx	IC Construcciones Y Equipos"		
"icpofcolorado.com	Import Car Parts of Colorado"		
"ideal.com	Ideal Tridon"		
"idealbrakeparts.com	Ideal Brake Parts Inc."		
"ididitinc.com	Ididit"	 Inc	
"id-usa.com	Interdynamics Inc."		
"idusa-ny.com	International Distributors"	 Inc.	
"iequus.com	EQUUS Products"	 Inc.	
"ilasas.com.mx	Impulsora de Lubricantes y Aditivos S.A. de C.V."		
"imcoweb.com	International Muffler Company"	 Inc. (IMCO) (Maremont)	
"imcparts.net	Interamerican Motor Corporation"		
"impactautoparts.com	Impact Auto Parts"		
"indsupply.com	Industrial Supply"		
"industriaplex.com	Industrialplex"	 Inc	
"industriousauto.com	Industrious Auto"		
"inficon.com	INFICON Inc."		
"ingersollrand.com	Ingersoll Rand"		
"ingersollrand2.com	Ingersoll Rand 2 (Matco Connection)"		
"injectronic.com	Injectronic (INJECTOCLEAN S A DE CV)"		
"inovalight.com 	Emissive Energy Corp. (Inova)"		
"insinkerator.com	In-Sink-Erator"		
"integratradingintl.com 	Integra Trading International Corporation"	 Inc	
"intercompracing.com	Intercomp"		
"interfil.com	INTERFIL S.A. DE C.V."		
"internalengineparts.com	Internal Engine Parts Group"		
"InternationalToolBoxes.com	SPG International-International Tool Boxes"		
"interstatebatteries.com	Interstate Battery System of America"		
"intexap.com	Intex Auto Parts"		
"inwoodauto.com	Inwood Automotive"		
"ipatools.com	Innovative Products of America"		
"ipcw.com	In Pro Car Wear"	 Inc	
"ipwparts.com	Western Automotive Warehouse Distributors (WAWD)(IPW)"		
"ireneedoiron.ca	Irenee Doiron & Fils"		
"irep.com.mx	INTERNATIONAL RETAIL REPS SA DE CV"		
"ironbridgetools.com	Iron Bridge Tools Inc"		
"ironlace.ca	Lacetech Industries 2012"	 Ltd	
"irving.com	Irving Oil-Coastal"		
"irvingoil.com	Irving Oil-Lubricants Division"		
"irwin.ca	Irwin Industrial Tools Canada"		
"irwin.com	Irwin Industrial Tools"		
"islpromotions.com	Art Craft"		
"isnweb.com	Integrated Supply Network"		
"itape.com	Intertape Polymer Group"		
"itwconsumer.com	ITW Consumer (Versachem)"		
"itwmfg.com	Fibre Glass Evercoat"		
"itwpolymex.com	ITW Polymex S.A. de C.V."		
"iwimotorparts.com	IWI Motor Parts"		
"jacksonproducts.com	Jackson Products"		
"japanengine.com	Japan Engines Inc."		
"jawco.com	JAW Manufacturing Co."		
"jawinc.com	Jobbers Automotive Warehouse Service (TBA A-P)"		
"jbweld.com	J-B Weld Company"		
"jegs.com	JEGS High Performance"		
"jepistons.com	JE Pistons"		
"jerkyhut.com	Saddle Mountain Meat"	 LLC	
"jerryandkeiths.com	Jerry & Keith's Truck & Trailer Repair"		
"jerrysautosupply.com	Jerrys Auto Supply"		
"jetchip.com	Jet Performance Products"		
"jetequipment.com	Jet Equipment and Tool"		
"jjlub.com	J&J LUBRICANTES"		
"jk-auto.com	JK Distributors"		
"jksmfg.com	JKS Manufacturing-Sport Truck USA"	 Inc.	
"jnauto.ca	J.N. Auto"		
"jobbersauto.com	Jobbers Automotive Warehouse"		
"jobbersautoinc.com	Jobbers Automotive Inc"		
"johndeere.com	Sunbelt Deere & Company"		
"johndow.com	John Dow Industries"	 Inc.	
"johnsoncontrols.com.mx	Enertec Exports S. de R. S.L. de C.V. (Johnson Controls)"		
"johnstonauto.com	Johnston Automotive & Industrial Inc."		
"johnstonesupply.com	Johnstone Supply"		
"johnyrockstar.com	JohnyRockStar"		
"jonesspring.com	Jones Truck & Spring Repair Inc."		
"jsproductsVIC.com	VIC_JS Products"		
"kaliper.com	King Kaliper"		
"kalumtireservice.com	Kalum Tire Service"		
"karmak.com	Karmak Inc"		
"kartmax.com	Kart Max-Bardahl"		
"kayauto.com	Kay Automotive Distributors"		
"kayia.com	Kay Automotive Dist Corp"		
"kcautoparts.ca	KC Automotive Parts"		
"kcc.com	Kimberly-Clark Corp."		
"kchilites.com	KC Hilites Inc."		
"kcpdiy.com	Kimberly Clark KCP div"		
"keepercorp.com	Keeper Corporation"		
"kentool.com	KEN-TOOL"		
"kershawknives.com	Kershaw Knives"		
"keyline.com	Key Line Automotive Warehouse Inc"		
"keypartsinc.com	Key Parts Inc"		
"key-stone.com	Keystone Automotive Operations"		
"keystonespring.com	Keystone Spring Service"		
"kicgroup.com	KIC Group"		
"kingdomautoparts.com	Kingdom Auto Parts"		
"kinsol.ca	Kinsol Sales"		
"kleenflo.com	Kleen-flo"		
"kleentechindustries.com	Kleen Tech Industries of Canada"		
"Kmart.com	Kmart"		
"knadian.com	BLUE SIDE"	 S.A. DE C.V.	
"knfilters.com	K & N Engineering"		
"knfiltersdemodata.com 	VIC_K&N Filters"		
"knhautomotive.com	KNH Automotive & Industrial"		
"knipex-tools.com	Knipex Tools"		
"kohler.com	Kohler"		
"koiabd.com	A&B Deburring (KOI-WG)"		
"koiadvanceinno.com	Advanced Innovative Tech (KOI-WG)"		
"koiaerooil.com	Aero Oil Co. (KOI-WG)"		
"koiafci.com	Air Filtration Co (KOI-WG)"		
"koiafg.com	Auto Fastner Group (KOI-WG)"		
"koiairtek.com	AirTek"	 Inc. (KOI-WG)	
"koiaisin.com	Aisin (KOI-WG)"		
"koiakebono.com	AKEBONO (KOI-WG)"		
"koialemite.com	Alemite Corp (KOI-WG)"		
"koialliancecp.com	Alliance Collision Parts (KOI-WG)"		
"koiallpart.com	Allpart Supply Inc (KOI-WG)"		
"koiallpartsinc.com	Allparts"	 Inc. (KOI-WG)	
"koianchor.com	Anchor Industries (KOI-WG)"		
"koiansa.com	ANSA Automotive Parts (KOI-WG)"		
"koiaset.com	Aset (KOIi-WG)"		
"koiaslp.com	Alert Safety Lite Prod (KOI-WG)"		
"koiaswhse.com	Automotive Systems Whse (KOI-WG)"		
"koiatlantic.com	Atlantic Enterprises (KOI-WG)"		
"koiautoparts.com	K.O.I. Warehouse"	 Inc.	
"koiavm.com	AVM Industries (KOI-WG)"		
"koibarproduct.com	Bar's Products (KOI-WG)"		
"koibatoray.com	Batoray"	 Inc. (KOI-WG)	
"koiblairequi.com	Blair Equipment (KOI-WG)"		
"koiblaster.com	Blaster Corp (KOI-WG)"		
"koibonding.com	Bonding Solutions (KOI-WG)"		
"koiboss.com	Boss Products (KOI-WG)"		
"koibplubricants.com	BP Lubricants (KOI-WG)"		
"koibuffshine.com	Buff and Shine Mfg (KOI-WG)"		
"koicanammex.com	Canammex Exhuast USA (KOI-WG)"		
"koicarsound.com	Car Sound Exhaust (KOI-WG)"		
"koiccap.com	Clean Classic Auto Parts (KOI-WG)"		
"koicentric.com	Centric Parts Ind (KOI-WG)"		
"koicentury.com	Century Drill & Tool (KOI-WG)"		
"koicoast.com	Coast To Coast (KOI-WG)"		
"koicontinental.com	Continental Auto Systems (KOI-WG)"		
"koicoventry.com	Coventry Coatings (KOI-WG)"		
"koicp.com	Chicago Pneumatic (KOI-WG)"		
"koicrushproof.com	Crushproof Tubing (KOI-WG)"		
"koictd.com	Consolidated Toledo Drill (KOI-WG)"		
"koidanam.com	DAN-AM Co (KOI-WG)"		
"koidavico.com	Davico Mfg. (KOI-WG)"		
"koidec.com	DEC Catalytic Converters (KOI-WG)"		
"koidepo.com	Depo Maxzone (KOI-WG)"		
"koidiversified.com	Diversified Shafts (KOI-WG)"		
"koidtg.com	Danaher Tool Group (KOI-WG)"		
"koidurofix.com	Durofix (KOI-WG)"		
"koidynabrade.com	Dynabrade Abrasives (KOI-WG)"		
"koidytech.com	Dytech Services (KOI-WG)"		
"koieconoline.com	Econ-O-Line Prod (KOI-WG)"		
"koieiko.com	Eiko Ltd (KOI-WG)"		
"koiemm.com	EMM America Inc. (KOI-WG)"		
"koiempi.com	EMPI (KOI-WG)"		
"koienchem.com	Enchem (KOI-WG)"		
"koienerpac.com	Enerpac (KOI-WG)"		
"koievonik.com	Evonik Stockhausen (KOI-WG)"		
"koiexedy.com	Exedy Global Parts (KOI-WG)"		
"koiextreme.com	Extreme Tools (KOI-WG)"		
"koiexxon.com	Exxon (KOI-WG)"		
"koiezmix.com	E-Z Mix (KOI-WG)"		
"koifalcon.com	Falcon Abrasives MFG (KOI-WG)"		
"koifcpgroton.com	FCP Groton (KOI-WG)"		
"koifcsauto.com	FCS Automotive INTL (KOI-WG)"		
"koifinishes.com	Finishes Unlimited (KOI-WG)"		
"koifisher.com	KOI Fisher (Carbon Copy)"		
"koifivestar.com	Five Star Mfg (KOI-WG)"		
"koiforney.com	Forney Industries (KOI-WG)"		
"koifortune.com	Fortune Products"	 Inc (KOI-WG)	
"koigardner.com	Gardner Denver Inc. (KOI-WG)"		
"koigbreman.com	GB Remanufacturing (KOI-WG)"		
"koigeneral.com	General Mfg (KOI-WG)"		
"koigfwd.com	GF-WD Supply (KOI-WG)"		
"koigleenter.com	GLE Enterprises"	 LLC (KOI-WG)	
"koigot.com	Grip On Tools (KOI-WG)"		
"koigraco.com	Graco Inc. (KOI-WG)"		
"koigrey.com	Grey Pneumatic (KOI-WG)"		
"koihennessy.com	Hennessy Industries (KOI-WG)"		
"koiherkules.com	Herkules Equip (KOI-WG)"		
"koihitech.com	HI-TECH (KOI-WG)"		
"koihopkins.com	Hopkins Mfg. (KOI-WG)"		
"koihunter.com	Hunter Engineering (KOI-WG)"		
"koihutchins.com	Hutchins Mfg. (KOI-WG)"		
"koiimc.com	Interamerican Motor Corp (KOI-WG)"		
"koiinduction.com	Induction Innovation Inc. (KOI-WG)"		
"koiingersol.com	Ingersol-Rand Air Centers (KOI-WG)"		
"koiinnova.com	Innova Electronics Corp. (KOI-WG)"		
"koiinnovative.com	Innovative Tools & Tech (KOI-WG)"		
"koiintertape.com	Intertape Polymer (KOI-WG)"		
"koiirwin.com	Irwin Tool (KOI-WG)"		
"koiisn.com	Integrated Supply Network (KOI-WG)"		
"koiitwevercoat.com	ITW Evercoat (KOI-WG)"		
"koiitwglobal.com	ITW Global Brands (KOI-WG)"		
"koiitwpermatex.com	ITW Permatex (KOI-WG)"		
"koijabco.com	Jabco & Associates (KOI-WG)"		
"koijamesaustin.com	James Austin Co (KOI-WG)"		
"koijones.com	Jones Exhaust Systems (KOI-WG)"		
"koikardol.com	Kardol Products (KOI-WG)"		
"koikbscoatings.com	KBS Coatings (KOI-WG)"		
"koikeystone.com	Keystone (KOI-WG)"		
"koiki.com	Karlyn Ind Inc (KOI-WG)"		
"koikoolvue.com	Kool Vue (KOI-WG)"		
"koikost.com	Kost USA (KOI-WG)"		
"koiksi.com	KSI Trading (KOI-WG)"		
"koiktool.com	K-Tool Intl (KOI-WG)"		
"koilegacymfg.com	Legacy Mfg. (KOI-WG)"		
"koilincoln.com	Lincoln Electric (KOI-WG)"		
"koimann.com	Mann & Hummel USA (KOI-WG)"		
"koimarshall.com	Marshall Engine (KOI-WG)"		
"koimartech.com	Martech Services (KOI-WG)"		
"koimcgivern.com	McGivern Hydraulic & Pneumatics (KOI-WG)"		
"koimd.com	Morgan Distribution (KOI-WG)"		
"koimedco.com	Medco (KOI-WG)"		
"koimg.com	Motor Guard (KOI-WG)"		
"koimoclamp.com	Mo-Clamp-Pull-It (KOI-WG)"		
"koimts.com	Midstate Tool & Supply (KOI-WG)"		
"koimytee.com	Mytee Products Inc (KOI-WG)"		
"koin2.com	N2"	 LLC (KOI-WG)	
"koinational.com	National Detroit (KOI-WG)"		
"koinatspencer.com	National-Spencer (KOI-WG)"		
"koinickels.com	Nickels Performance (KOI-WG)"		
"koioebumper.com	OE Bumper (KOI-WG)"		
"koiohiobasic.com	Ohio Basic Minerals (KOI-WG)"		
"koioildri.com	Oil-Dri Corp. (KOI-WG)"		
"koiorange.com	Orange Electronic (KOI-WG)"		
"koiosps.com	One Stop Parts Source (KOI-WG)"		
"koipartschannel.com	Parts Channel Inc. (KOI-WG)"		
"koipbejobbers.com	P.B.E. Jobbers Whse. (KOI-WG)"		
"koipenray.com	Penray Companies (KOI-WG)"		
"koiperfection.com	Perfection Wheel (KOI-WG)"		
"koiplasticolor.com	Plasticolor Molded (KOI-WG)"		
"koiplastikote.com	Plasti-Kote (KOI-WG)"		
"koipneu.com	Pneu-Draulics Inc (KOI-WG)"		
"koipollution.com	Pollution Control Ind (KOI-WG)"		
"koipositec.com	Positec USA Inc (KOI-WG)"		
"koipowerstop.com	PowerStop"	 LLC. (KOI-WG)	
"koipowertool.com	Power Tool Repair (KOI-WG)"		
"koippc.com	PPC (KOI-WG)"		
"koiprestolite.com	Prestolite Performance (KOI-WG)"		
"koipreval.com	Preval (KOI-WG)"		
"koiprevost.com	Prevost Corp (KOI-WG)"		
"koiprotek.com	Pro-Tek (Div. Outil Pro Rga Ltee) (KOI-WG)"		
"koiradiator.com	Radiator Specialty (KOI-WG)"		
"koirbl.com	RBL Products (KOI-WG)"		
"koireach.com	Reach Cooling Group (KOI-WG)"		
"koireading.com	Reading Technologies (KOI-WG)"		
"koireelcraft.com	Reelcraft (KOI-WG)"		
"koirevestone.com	Revestone Towing (KOI-WG)"		
"koiriley.com	Riley Tractor Parts (KOI-WG)"		
"koirjstar.com	RJ Star Inc. (KOI-WG)"		
"koirobertbosch.com	Robert Bosch LLC. (KOI-WG)"		
"koiroltech.com	ROL-TECH (KOI-WG)"		
"koiroppels.com	Roppel's (KOI-WG)"		
"koirotarylift.com	Rotary Lift (KOI-WG)"		
"koirti.com	RTI Technologies (KOI-WG)"		
"koisaint.com	Saint-Gobain Abrasive (KOI-WG)"		
"koisamson.com	Samson (KOI-WG)"		
"koisbi.com	Starcke Abrasives (KOI-WG)"		
"koisca.com	SCA Tissue No America (KOI-WG)"		
"koischaeffler.com	Schaeffler Group USA (KOI-WG)"		
"koischum.com	Schumacher Electric (KOI-WG)"		
"koiscorp.com	Scorpion Truck Bed Linnings (KOI-WG)"		
"koisem.com	SEM Productions (KOI-WG)"		
"koisfa.com	Shinn Fu Co of America (KOI-WG)"		
"koisgtool.com	S&G Tool Aid Corp. (KOI-WG)"		
"koishindustires.com	S&H Industries (KOI-WG)"		
"koisimplex.com	Simplex (KOI-WG)"		
"koismarnold.com	S.M. Arnold (KOI-WG)"		
"koispanset.com	Span Set (KOI-WG)"		
"koisperian.com	Sperian Protection Americas (KOI-WG)"		
"koispnuematic.com	Superior Pnuematic (KOI-WG)"		
"koispraycare.com	ITW Spray Care (KOI-WG)"		
"koisprayway.com	Sprayway Inc. (KOI-WG)"		
"koispxss.com	SPX Service Solutions (KOI-WG)"		
"koistar.com	Star-Asia-USA (KOI-WG)"		
"koisteck.com	Steck (KOI-WG)"		
"koisteiner.com	Steiner Industries (KOI-WG)"		
"koisunex.com	SUNEX Tools (KOI-WG)"		
"koisuperior.com	Superior (KOI-WG)"		
"koisurr.com	S.U.R. & R. (KOI-WG)"		
"koiswift.com	Swift Becca Inc. (KOI-WG)"		
"koitag.com	Tiger Accessory Grp (KOI-WG)"		
"koitaylor.com	Taylor & Summerville (KOI-WG)"		
"koitci.com	TCI Products (KOI-WG)"		
"koithirtyone.com	Thirty One (KOI-WG)"		
"koithread.com	Thread Kits (KOI-WG)"		
"koitmr.com	TMR (KOI-WG)"		
"koitolco.com	TOLCO (KOI-WG)"		
"koiultrafit.com	Ultrafit Mfg. (KOI-WG)"		
"koiunited.com	United Marketing (KOI-WG)"		
"koiunitedreman.com	United Remanufacturing (KOI-WG)"		
"koiupol.com	U-POL Inc. (KOI-WG)"		
"koiurethane.com	Urethane Supply (KOI-WG)"		
"koiusblade.com	US Blade MFG Co. (KOI-WG)"		
"koiuschem.com	US Chemicals (KOI-WG)"		
"koivaleo.com	Valeo Service (KOI-WG)"		
"koivalvoline.com	Valvoline Filters (KOI-WG)"		
"koivepeterson.com	V.E. Peterson Co (KOI-WG)"		
"koiwarren.com	Warren Distribution (KOI-WG)"		
"koiwoodbine.com	Woodbine Products (KOI-WG)"		
"koizimmer.com	Zimmer Motor (KOI-WG)"		
"kolpinpowersports.com	Kolpin"		
"koni-na.com	Koni"		
"koyocooling.com	Koyo Cooling Systems"	 Inc.	
"krafttool.com	Kraft Tool Co"		
"ksap.com	Ken Smith Auto Parts"		
"ktool.com	K Tool Corporation"		
"kwiktwist.com	KwikTwist"		
"kyb.com	KYB America LLC"		
"lakecharlestruck.com	Lake Charles Truck Equipment"	 Inc.	
"lakecounty.com	Lake County Parts Warehouse"		
"landnsea.com	Land 'N' Sea Distributing Inc"		
"langdistributing.com	Lang Distributing South"	 Inc	
"larescorp.com	Lares Corporation"		
"lascolwi.com	Lafayette Warehouse Inc"		
"latemodelrestoration.com	Latemodel Restoration Supply"	 Inc.	
"launchtechusa.com	Launch Tech USA"		
"lbcautoparts.com	LBC Autoparts Warehouse"		
"leachent.com	Leach Enterprises"	 Inc.	
"leacree.com	Leacree"		
"leatherman.com	Leatherman Tool Group"	 Inc.	
"lecarra.com	Lecarra"		
"legacymfg.com	Legacy Manufacturing Company"		
"lennox.com	Lennox Industries"		
"levineauto.com	Levine Automotive & Truck Parts"		
"lewis-goetz.com	LewisGoetz"		
"lfc.com	Luis Fernandez Del Campo S.A. de C.V."		
"lhrods.com	L & H Threaded Rods Corp-Gray America"		
"libertypumps.com	Liberty Pumps"		
"lifetimetruck.com	Life- Time Fenders"	 LLC	
"lincolnelectric.com 	The Lincoln Electric Company"		
"lincolnindustrial.com	Lincoln Industrial"		
"liqesa.com	Liqesa"		
"liquimoly.com.mx	Liqui Moly Mexico"		
"lislebuyer.com	Lisle Buyer"		
"lislecorp.com	Lisle Corporation"		
"lisledemodata.com	Lisle VIC"		
"litensautomotivecc.com	Litens Automotive (Carquest Connection)"		
"lithocraftinc.com	Lithocraft Inc"		
"litruckparts.com	Long Island Truck Parts"	 Inc.	
"littelfuse.com	Littelfuse"		
"little-trees.com	Car Freshner Corp"		
"lizardskin.com	Lizard Skin"		
"llanteraauto.com.mx	Llantera Automotriz"	 S.A. De C.V.	
"llanteranarvarte.com.mx	Llantera Automotriz Narvarte"		
"lloydmats.com	Lloyd Mats"		
"lockjawpliers.com	LockJaw"		
"locknstitch.com	Lock N Stitch"		
"lodi.com.mx	Industrias Automotrices LODI S.A. de C.V."		
"lokar.com	Lokar"	 Inc.	
"loweauto.com	Lowe Automotive Warehouse"		
"loweslink.com	Lowes"		
"ltdparts.com	LTD-Visteon Parts Inc."		
"ltitools.com	Lock Technology"	 Inc.	
"lubegard.com	International Lubricants"	 Inc	
"lubriplate.com	Fiske Brothers(Lubriplate)"		
"lubritem.com.mx	LUBRITEM"	 S.A. de C.V.	
"lubysusp.com	Lubricantes y Suspensiones del Golfo"	 S.A. de C.V.	
"lucasoil.ca	Lucas Oil Products Canada"		
lucasoil.com	Lucas Oil Products Inc	
"luiusa.com	Labels Unlimited"		
"luk-as.com.mx	Schaeffler Automotive Aftermarket Mexico S de RL de CV"		
"lunajasso.com.mx	Jorge Alberto Luna Jasso"		
"lundinternational.com	Lund International"		
"lupesa.net.mx	Lubricantes Peninsulares SA de CV"		
"lwmolds.com	Capstone Global Solutions AG"		
"machenry.com	Paul MacHenry and Company (SP Auto Parts)"		
"macscustomtiedowns.com	Mac's Custom Tie Downs"		
"macsradiator.com	Mac's Radiator"		
"mactools.com	Mac Tools"		
"madinafoods.com	Madina Foods"	 Inc.	
"magidglove.com	Magid Glove & Safety Mfg Co"		
"maglite.com	Mag Instrument"	 Inc	
"magnem.ca	Magnem Engine Service Ltd"		
"magnetimarelli.com	Magneti Marelli"		
"magnumgaskets.com	Modern Silicone Technologies"	 Inc. (Magnum Gasket)	
"magnummagnetics.com	Magnetic Specialty"		
"mahle.com.ge	MAHLE International GmbH"		
"mahlemexico.com.mx	Mahle Mexico"		
"mainautotrucksupply.com	Main Auto & Truck Supply"		
"majicpaints.com	Yenkin Majestic Paint"		
"makewavesinstrumentcorp.com	Make Waves Instrument Corp"		
"malcopro.com	Malco Presta Products"	 Inc	
"malpaautomotriz.com	Malpa Automotriz"		
"mandd.ca	M and D Auto Parts"		
"manhattanoil.com	Manhattan Oil"		
"manleyperformance.com	Manley Performance"		
"mann-hummel.com	Mann- Hummel"		
"mann-hummel.com.mx	Mann-Hummel Mexico"		
"mapdistcorp.com	Mid-America Parts Dist. Corp"		
"marchperf.com	March Performance"		
"maremont.com	Maremont Exhaust Products"		
"mariaisabel.com.mx	MARIA ISABEL LEON FREYSSINIER"		
"marketmty.com.mx	Marketing de Monterrey SA de CV"		
"marshallengines.com	Marshall Engines"		
"martinsprocket.com	Martin Sprocket & Gear Inc."		
"marvacscientific.com	Marvac"		
"mascottools.com	Mascot Tool and Forgings"		
"masindustries.com	MAS Industries"		
"maslack.com	Maslack Supply Ltd"		
"masonlift.com	MasonLift Limited"		
"mastercool.com	Mastercool USA"		
"masterimportedparts.com	Master Imported Parts"		
"masterlock.com	Master Lock Company L.L.C."		
"masterlock.mx	Master Lock Mexicana S.A de C.V"		
"masterparts.com.mx	Master Parts SA de CV"		
"match3buyer.com	Match3Buyer"		
"matcotools.com	Matco Tools"		
"matcotoolsVIC.com	Matco Tools VIC"		
"matrixsystem.com	Matrix System -Advance Refinished"		
"maxpiecesdauto.ca	Max pieces d'auto 2012 Lee"		
"maxzone.com	Maxzone Vehicle Lighting Corp"		
"mayasa.mx	MAYASA"		
"maycont.com.mx	Mayoreo Continental SA de CV"		
"mayhew.com	Mayhew Steel Products"		
"mayhewbuyer.com	Mayhew Buyer"		
"mbipublishing.com	MBI Publishing"		
"mbmbrakeboosters.com	MBM Brake Booster"		
"mbrp.com	MBRP"	 Inc.	
"mccombautomotive.com	McComb Auto"		
"mciauto.com	MCI-Machinery Components-Powermaster"		
"mclaughlinautomotive.com	McLaughlin Automotive"		
"mcleodtruckparts.com	McLeod Truck Parts"		
"mechanicstimesavers.com	Mechanic's Time Savers"		
"mechanix.com	Mechanix Wear"		
"medco.com	Medco"		
"meguiars.com	Meguiar's Inc."		
"meguiarsca.com	Meguiars Canada"		
"melling.com	Melling Tool Company"		
"mellingwg.com	Melling Engine Parts (Web Gateway)"		
"menards.com	Menards"		
"mercadoderefacciones.com	Mercado de Refacciones de Mexico"	 S.A. de C.V.	
"merithian.com	Merithian Products Corp"		
"mespiecesauto.com	Mes Pièces Auto Parts"		
"metra-autosound.com	Metra Electronics"		
"metrommp.com	Metro Moulded Parts"	 Inc.	
"mevotech.com	Mevotech Inc."		
"mexpulley.com	Mexpulley"		
"meziere.com	Meziere Enterprises Inc."		
"mgmbrakes.com	Indian Head Industries"		
"mgmtla.com	Xinlian Enterprise Co."	 Limited	
"michelin-us.com	Michelin North America"		
"mickeythompsontires.com	Mickey Thompson Performance"		
"microflex.com	Microflex Corporation"		
"microfridge.com	Intirion"		
"midstal.com	Mid-States Aluminum Corp"		
"midstatetool.com	Midstate Tool and Supply"		
"midwayautosupply.com	Midway Auto Supply Inc"		
"midwestcan.com	Midwest Can Company"		
"midwestcanwb.com	Midwest Can Web Gateway"		
"midwesttool.com	VIC_Midwest Tool"		
"midwesttruck.com	Motive Gear-Midwest Truck and Auto"		
"midwesttruckparts.com	Midwest Truck Parts & Service"		
"mightyautoparts.com	Mighty Distributing System of America"	 Inc	
"mikels.com	Mikel's (INDUSTRIES TAMER S.A de C.V.)"		
"millerautoparts.com	Miller Auto Parts"		
"millerwelds.com	Hobart Welding"		
"millsfleetfarm.com	Mills Fleet Farm"		
"miltonindustries.com	Milton Industries"		
"miracleglaze.com	Rondell Corporation"		
"mirka.com	Mirka Abrasives"		
"mishimoto.com	Mishimoto Automotive"		
"mitglobal.com	Wireless Installation Network"	 LLC	
"mjproducts.com	VIC_MJ Products"		
"mmm.com	3M Canada Company"		
"mobil.com.mx	ExxonMobile Mexico SA de CV"		
"moclamp.com	Pull-It Corp. (Mo-Clamp)"		
"moderna.com	Refaccionaria Moderna de Mexico"		
"modernsales.ca	Modern Sales Co-Op (AutoSense)"		
"moltan.com	Moltan Company LLP"		
"monarchamadc.com	Monarch AMADC"		
"monarchproductsinc.com	Monarch Products inc"		
"moog.com	Moog Louisville Warehouse"		
"moores.com	Moores Cylinder Head"		
"mopacautosupply.com	MOPAC Auto Supply"		
"morganrec.com	Morgan Recreational Supply"		
"moroso.com	Moroso"		
"morrisclassicconcepts.com	Morris Classic Concepts"		
"morsa.com.mx	Grupo Morsa de Mexico"		
"morsco.com	Morrison Supply"		
"morseauto.com	Bosch Brake Components LLC-Morse"		
"morsecalipers.com	Morse Caliper"		
"motiveproducts.com	Motive Products"		
"motoradusa.com	Motorad of America"		
"motorcadeind.com	Motorcade Industries Ltd (DBA Mapco)"		
"motorcarparts.com	Motorcar Parts Of America"	 Inc	
"motorstate.com	Motor State Distributing"		
"motorvac.com 	MotorVac Technologies"	 Inc.	
"motorvation.tv	Motorvation"		
"motorwheelcvs.com	Motor Wheel"		
"motownauto.com	Motown Automotive Distributing"		
"mrgasket.com	Mr. Gasket"		
"mscarita.com	Ms Carita"		
"msccentralbill.com	Modern Sales Coop Central Billing"		
"mscdirect.com	MSC Industril Supply Co"		
"msdignition.com	MSD Ignition-Autotronic"		
"mtethomson.com	MTE-Thomson Ind. E Com. LTDA"		
"mtkiscotruck.com	Mt. Kisco Truck & Fleet"		
"mtsupply.com	Machine Tools Supply"		
"muskokaautoparts.com 	Muskoka Auto Parts"		
"mvphk.com	MVP Industries"		
"namesouth.com	NameSouth"		
"napamexico.mx	Autopartes NAPA Mexico"	 S. DE R.L. DE C.V.	
"napd-inc.com	NAPD"		
"nationalcarburetors.com	National Carburetors"		
"nationalcarWG.com	National Carburetor (WG)"		
"nationaldetroit.com 	National Detroit"		
"national-electricmfg.com	National Electric"		
"nationalexhaust.com	National Exhaust Systems"		
"nationalmachinecompany.com	National Machine Company"		
"nationalwholesale.biz	National Wholesale Supply"		
"natures-broom.com	Natures Broom"		
"ncautoparts.com	NC Auto Parts"		
"neapco.com	Neapco"	 Inc.	
"neauto.com	VIC_Northeast Auto Parts"		
"needaparts.com	Needa Parts Mfg."		
"neotekauto.com	NeoSCM Limited"		
"neptuneauto.com	Neptune Auto Supply"		
"nexiq.com	NNT (Nexiq)"	 Inc. (IDSC Holdings	 Inc.)
"ngkntk.com.mx 	NGK de Mexico"		
"ngksparkplugs.ca	NGK Canada"		
"ngksparkplugs.com	NGK Spark Plugs"		
"nickson.com	Nickson Industries"		
"nissens.com	Nissens"		
"nitrousexpress.com	Nitrous Express"	 Inc	
"nlclenco.com	Lenco NLC"	 Inc.	
"nlsproducts.ca	NLS Products"		
"noblesales.com	Noble Supply & Logistics"		
"nocousa.com	Noco Company"		
"nordiques.com	Nordiques Auto"		
"norfolkautosupply.com	Norfolk Auto Supply Inc"		
"norpine.ca	Norpine Auto Supply (96)"		
"northerntool.com	Northern Tool"		
"northlandmachine.ca	Northland Machine"		
"northportautosupply.com	Northport Auto Supply"		
"northwest.ca	North West Company"		
"norwood.com	Norwood Motor Parts"		
"novapak.com	Nova Packaging Group"	 LLC.	
"npw.com	National Performance Warehouse (V)"		
"ntaautomotive.com	Newtek Automotive Distribution"		
"ntpparts.com	Nippon Trans Pacific (NTP)"		
"nugeon.com	Nugeon Auto Components"		
"oberto.com	Oberto Brands"	
ocaelectrical.com	Oca Electrical	
"odysseybatteries.com	West Coast Batteries"		
"oeqf.com	OE Quality Friction Inc."		
"ohioautomotive.com	Ohio Automotive Supply Co."		
"oildistributing.com	Oil Distributing Company"		
"oktire.com	OK Tire Stores"		
"oldworldind.com- 	Old World Industries"	 Inc.	
"oldworldindaf.com	Old World Ind-Antifreeze"		
"olyonline.com	Olympus Imported Auto Parts Corporation"		
"omegahose.com	Omega Hose Manufacturing"		
"omegalift.com	Shinn Fu Company of America"		
"omega-usa.com	Omega Environmental Tech"		
"ontheedgemarketing.com	On The Edge Marketing"		
"onyxenterprises.com	Onyx Enterprises Int'l"	 Corp.	
"optimuswc.com.mx	Optimus Wheel Covers S.A. de C.V."		
"oreillyauto.com	O'Reilly Automotive"		
"orscheln.com	Orscheln Group"		
"oscooling.com	OSC Automotive Cooling Products"		
"osh.com	Sears-Orchard Supply Hardware"		
"owens-pro.com	Owens Products"		
"pacesetterexhaust.com	PaceSetter Performance Products"		
"pacificcargo.com	Pacific Cargo Control Inc"		
"PAG.net	Performance Automotive Group"		
"paiindustries.com	PAI Industries"	 Inc.	
"painlessperformance.com	Painless Performance Products"		
"parkave.com	Park Avenue Building Supply"		
"parkerautotx.com	PARKER AUTO (TX)"		
"parklanddist.com	Parkland Distributors (2006 LTD.)"		
"parksautoparts.com	Parks Auto Parts"		
"parrillarefacciones.com.mx	Parrilla Refacciones S.A. de C.V."		
"partcraft.com	Partcraft"		
"partdistinc.com	Parts Distributing"	 Inc	
"partscentral.net	Parts Central"	 Inc	
"partshouseok.com	Parts House (OK)"		
"partsproautomotive.com	Parts Pro Automotive Warehouse"		
"partswholesalers.com	Automotive Jobbers Supply"		
"patautopartes.com.mx	Proveedora de Autopartes y Servicios SA de CV-PAT"		
"paxtonauto.com	Paxton Automotive"		
"pbejobbers.com	P.B.E. Jobbers Warehouse"		
"pbgmexico.com	Electropura"	 S. de R.L. de C.V.	
"pbsbrake.com	PBS Brake & Supply Corp."		
"pbtusa.com	Private Brand Tools"		
"pbwdist.com	Precision Brake & Wheel"	 dba PBW Distributor	
"pcm-net.com	Papeles y Conversiones de Mexico SA de CV"		
"pedistributors.com 	P & E Distributors"		
"pennypincher.com	Penny Pincher Auto"		
"pentiusautoparts.com 	Pentius Auto Parts"		
"pepboys.com	Pep Boys"		
"percyshp.com	Percy's High Performance"		
"perf-analysis.com	Performance Analysis"		
"perfectequipment.com	WEGMANN Automotive USA (Perfect Equipment)"		
"perfht.com	Perfection Clutch-Perfection Hytest"		
"perfmex.com	Perfection de Mexico"	 SA PI de CV	
"performanceradiator.com	Performance Radiator"		
"performancesst.com	Performance Stainless Steel"		
"performancetruck.com	Performance Truck & Trailer"		
"performancewarehouse.com	Performance Warehouse"		
"perma-cool.com	Perma Industries"	 Inc	
"permatex.com	Permatex"	 Inc.	
"pertronix.com 	Pertronix Performance Products"		
"petoskeyplastics.com	Petoskey Plastics"		
"peviglobal.com.mx	Pevi Global"	 S.A. De C.V.	
"pexna.com	PEX GERMAN OE PARTS LLC"		
"pfautomotivewarehouse.com	P & F Automotive Warehouse"		
"pfiautoparts.com	Parts for Imports-NJ (WD Parts Inc.)"		
"phar.com.mx	PHAR-Proveedora de Herramientas y Accesorios"		
"philips.com	Philips Automotive Lighting-Mexico"		
"philipsauto.com	Philips Automotive Lighting"		
"phillipsandtemro.com	Phillips & Temro Industries"		
"phoenixintl.com	Phoenix International Freight Services"	 Ltd.	
"phsupplies.ca 	P & H Supplies"		
"picocanada.com	Pico of Canada"		
"picowiring.com	PICO-Pacific Industrial Components"	 Inc.	
"piecesautohoule.com	Specialites d'Auto & Camion Houle"		
"pilotautomotive.com	Pilot Automotive Wang International"		
"pinauto.com.mx	Sholt S.A. de C.V."		
"pineblufftruckandtrailer.com	Pine Bluff Truck & Trailer"		
"pioneerautoinc.com	Pioneer"	 Inc.	
"pistonringservice.com	Piston Ring Service Supply"		
"plasti-kote.com	Plasti-Kote Company"	 Inc.	
"plazafleetparts.com	Plaza Fleet Parts"		
"plews-edelmann.com	Plews"	 A Tomkins Company	
"pliii.com	Proliance"	 Inc.	
"plombco.com	Plombco"		
"plumbsupply.com	Plumb Supply"		
"pmcusa.com	Power Merchandising Corp."		
"pmlights.com 	Peterson Manufacturing"		
"poblub.com.mx	Compania Poblana de Lubricantes S.A. De C.V."		
"pochteca.com.mx	Pochteca Lubricantes B2C Pennzoil y Shell"		
"pointspring.com	Point Spring & Driveshaft Co."		
"polarisind.com	Polaris Industries Inc."		
"polyair.com	Polyair Canada Limited"		
"portatree.com	Portatree Timing System"		
"portkellsalder.com	Port Kells-Alder Auto Parts"		
"posilock.com	Posi Lock Puller"	 Inc.	
"potterwebster.com	Potter Webster Custom Trailer Parts"		
"powerarcproducts.com	Power Weld & Equipment"	 LLC	
"powerflowinc.ca 	NuVue Products Ltd"		
"powermastermotorsports.com	Powermaster"		
"powerprobe.com	POWER PROBE INC"		
"powerservice.com	Power Service Products Inc."		
"powersteer.com	Power Steer"	 Inc.	
"powerstop.com	Power Stop LLC"		
"powerstoppb.com	PowerStop LLC (Pep Boys only)"		
"powertrainservice.com	Power Train Service"		
"ppg.com	PPG Industries"		
"ppizone.com	Professional Products Inc."		
"precisiongrilles.com	Precision Grilles"		
"prestolitewire.com	PrestoliteWire-DON'T USE- See Mr Gasket"		
"prevostusa.com	Prevost Corporation"		
"primeauto.com	Prime Automotive Parts Co."	 Inc.	
"princessauto.com	Princess Auto LTD"		
"proapw.com	Pro Auto Parts Warehouse"		
"procutinternational.com	Pro-Cut International"		
"proformparts.com	Proform Co."		
"proformproducts.com  	Pro Form Products"		
"promosavi.com.mx	Promotora Y Dist De Herramienta Savi SA de CV"		
"pronto.com	Pronto Carbon Copy"		
"pronto-net.com	National Pronto"		
"protonikusa.com	PROTONIK USA LLC"		
"provision100.com	CML Chicago Mini Lamp Innovative"		
"pspparts.com	Precision Service & Parts"	 Inc.	
"ptcauto.com	Power Train Components"		
"ptchd.com	Power Train Components HD America"		
"ptcor.com	Power Train Components-OR 810"		
"puregard.com	Omni Industries"	 Inc.	
"putco.com	Putco"	 Inc.	
"pwrbrake.com	Power Brake Exchange"		
"pysfederated.com	Pat Young Service Co Federated"		
"python-injection.com	Python Injection Inc"		
"qa1.net	QA1 Precision Products"	 Inc	
"qas.ca 	Quality Auto Supply"		
"qaw.com	Quality Automotive Warehouse"		
"quakerstate.com.mx	Comercial Importadora S.A. de C.V."		
"qualisauto.com	Qualis Automotive"		
"qualityautoparts.com	Quality Auto Parts"		
"quickcable.ca	Quick Cable Canada"		
"quickcable.com	Quick Cable"		
"quimobasicos.com.mx	Quimobasicos SA de CV"		
"raceshopper.com	Best Brake (RACEShopper.com)"		
"racewithjw.com	JW Performance"		
"racingreflections.com	Racing Reflections"	 Inc	
"radlimited.com	Rad Limited"		
"ramclutches.com	RAM Clutches"		
"randrautomotive.com	R&R Automotive & Ind Supplies"		
"rangerbrake.net	Ranger Brake Products"		
"ratchetmaster.com	Direct Source International"		
"rayloc.com	Rayloc"		
"RBICORP.COM	RBI Corporation"		
"rciracing.com	Racer's Choice"	 Inc.	
"reachcooling.com	Reach International inc."		
"readylift.com 	Ready Lift"		
"realtruck.com	Realtruck Wholesale"		
"recochem.com	RecoChem"		
"reconengines.com	Reconn Automotive Remanufacturers"		
"redbackboots.com	Redback Boots"		
"redneck-trailer.com	Redneck Trailer Supplies"		
"refaccim.com.mx	REFACCIM Autopartes"		
"refaccionarianueva.com.mx	Refaccionaria Nueva SA de CV"		
"refapar.com.mx	Refapar S.A de C.V. (Parrilla Atizapan)"		
"refmex.com.mx	Mayoreo De Refacciones Mexicali SA DE CV"		
"refrigerants.com	National Refrigerants"		
"reftij.com.mx	Mayoreo de Refacciones Tijuana SA de CV"		
"regencylighting.com	Regency Lighting"		
"relconet.com	Reliable Automotive"		
"reliabletool.com	Reliable Tool and Machine Co."	 Inc.	
"relianceautomotive.com	Reliance Automotive Inc"		
"remsamex.com	Remsa Mexico"		
"remsaofamerica.com	Remsa of America"		
"retracmirrors.com	Retrac Mirrors"		
"revtek.com	Revtek"		
"rexite.net	Rexite"	 S.A. De C.V.	
"rgautoparts.ca	RG Auto Parts Distributors"		
"richmondgear.com	Richmond Gear"		
"richporter.ca	Richporter Technologies Inc"		
"ridgekramerauto.com	Ridge & Kramer Motor Supply"		
"rightstuff.com	Right Stuff Detailing"		
"rigidindustries.com	Rigid Industries"		
"rinax.com	Rinax Computer Systems"		
"ringersgloves.com	Ringers Gloves"		
"rivervalleytruck.com 	River Valley Truck Center"		
"rjsracing.com	RJS Racing Equipment"	 Inc	
"rlautosupply.com	RL Auto Supply"		
"roadmaxauto.com	Roadmax Automotive"		
"rockauto.com	RockAuto"		
"rockhard4x4parts.com	Rockhard 4x4"		
"rockprod.com	D & J Rock Products Inc"		
"rockybrands.com	Rocky Brands"		
"rohlhome.com	Rohl LLC"		
"rolmfg.ca	ROL Mfg. Canada"		
"rolmfg.com	ROL Mfg of America"		
"rotarylift.com	Rotary Lift"		
"royalpurple.com	Royal Purple"		
"rsgear.com	Rockland Standard Gear"		
"saftlite.com	General Manufacturing"	 Inc.	
"sagaji.com.mx	Distribuciones Sagaji S A de C V"		
"sagearinc.com	SA Gear Inc."		
"saint-gobain.com	Saint Gobain"		
"samaritandisplaygroup.com	Samaritan Display Group"	 Inc.	
"samsoncorporation.com	Samson Corp"		
"sanden.com	Sanden International"		
"saniklyn.com	Sani Klyn"		
"santech.com	Santech Industries Inc"		
"sassafety.com	SAS Safety Corp."		
"satausa.com	Sata Spray Equipment"		
"satisfiedbrakes.com	Satisfied Brake Products Inc."		
"saverblade.com	Saver Automotive Products"	 Inc. (Alberee Products)	
"scegaskets.com	SCE Gaskets"	 Inc.	
"scepter.ca	Scepter Corp"		
"schaeffler.com	Schaeffler Group North American Aftermarket (LUK)"		
"schoolspecialty.com	School Specialty"		
"schrader-bridgeport.com	Schrader-Bridgeport International"		
"schumacherelectric.com 	Schumacher Electric Corporation"		
"schwarz.com	Schwarz Supply Source"		
"seafoamsales.com	Sea Foam"		
"sealsit.com	Seals-It"		
"sealwrap.com	Welch & Wilson Sealwrap"		
"sears.com	Sears"		
"seattleautomotive.com	Seattle Automotive Dist."		
"sebring.com.mx	DISTRIBUIDORA DE PRODUCTOS SEBRING SA de CV"		
"sehi.com	Sehi Computer Products Inc"		
"sellstrom.com	Sellstrom Manufacturing"		
sem.ws	SEM Products"	 Inc.	
"serckservices.com	Serck Services Inc."		
"serviceautoparts.net	ARP Warehouse (Service Auto Parts)"		
"seymourpaint.com	Seymour of Sycamore Inc"		
"sgstool.com	SGS Tool"		
"sgstoolsVIC.com	SGS Tools VIC"		
"sharkind.com	Shark Industries LTD"		
"sharkindEDI.com	SHARK INDUSTRIES LTD (EDI)"		
"shell.com	Shell Oil Products (SOPUS)"		
"shelterlogic.com	Shelter Logic"	 Inc.	
"sherwin.com	Sherwin-Williams Automotive Finishes Corp. (Buyer)"		
"sherwinauto.com	Sherwin-Williams-Duplicolor"		
"sherwin-automotive.com	Sherwin-Williams Automotive Finishes Corp"		
"shindustries.com	S H Industries"		
"shureusa.com	Shure Manufacturing Corporation"		
"shurtrax.com	SealPak Innovations"	 Inc.	
"sifbrake.com	Superior Industrial Frictions"		
"signalflame.com	Signal Flame Inc"		
"simpsonraceproducts.com	Simpson Racing"		
"sirtools.com	Sir Tools"		
"sixrobblees.com	Six Robblees"	 Inc.	
"skf.com	SKF Vehicle Service Market"		
"skf.com.mx	SKF DE MEXICO S.A. DE C.V"		
"skfca.com	SKF Canada"		
"skfusa.com	SKF USA"		
"skhandtool.com	SK Hand Tool"		
"skinnerdieselservice.com	Skinner Diesel Service"	 Inc.	
"SkyoBestWayVIC.com	Skyo-Best Way Tools VIC"		
"slackautoparts.com 	Slack Auto Parts Company"		
"smarnoldinc.com	S.M. Arnold"	 Inc	
"smithauto.com	Smith Auto Parts"		
"smittyssupplyinc.com	Smitty's Supply Inc."		
"smpcorp.com	Standard Motor Products"		
"snaplock.com	SnapLock Industries"		
"snaplocs.com	Snap Loc Cargo Control"		
"snapon.com	Snap On Incorporated"		
"snavely.com	Snavely & Dosch Inc"		
"snowperformance.net	Snow Performance"		
"sogknives.com	SOG SPECIALTY KNIVES"		
"solderit.com	Solder-It"	 Inc.	
"solomoncolors.com	Solomon Colors"	 Inc	
"southernperformance.com	Southern Performance"		
"southjerseyautosupply.com	South Jersey Auto Supply"		
"southwinltd.com	SouthWin Ltd"		
"specprod.com	Specialty Products Company"		
"spectools.com	Skew Products"		
"spectrapremium.com	Spectra Premium"		
"spectroline.com	Tracer Products"	 Div of Spectronics Corp	
"spectrumbrands.com	Spectrum Brands"		
"speedwarehouse.com	Speed Warehouse"		
"sperianprotection.com	Sperian Protection Americas"		
"spgcompany.com	The Signature Products Group"		
"spitzertruck.com	Spitzer Truck & Industrial"		
"sptool.com	Schley Tools"		
"spxfiltran.com	SPX Filtran"		
"spxservicesolutions.com	SPX Service Solutions"		
"stainlessworks.net	Stainless Works"		
"standardabrasives.com	Standard Abrasives"		
"standardcrankshaft.com	Standard Crankshaft"		
"standardflywheels.com	Standard Flywheels"	 Inc.	
"stant.com	Stant Manufacturing"		
"starautoparts.net	Metro Automotive Parts Distributor"		
"starautoparts2.net	Star Auto Parts"		
"stardistributing.org	Star Distributing Company"		
"starpointUSA.wg	Pentius (WG)"		
"statelinechryslerjeepdodge.net	Stateline Chrysler Jeep"		
"staunproducts.com	Coyote Enterprises LLC"		
"stdr.com.mx	Suministro Transamericano De Refacciones"		
"steckmfg.com	Steck Manufacturing"		
"steelman-js.com-	JS Products"	 Inc.	
"stellargroupinc.com	Stellar Automotive Group"		
"stemco.com	Stemco LP"		
"sterlingteal.com	Sterling Teal"	 Inc.	
"stoneridge.com	Stoneridge Pollack"		
"straintec-arslan.com	Arslan Automotive-Straintec Mfg"		
"streamlight.com	Streamlight"	 Inc.	
"streetsceneeq.com	Street Scene Equipment"		
"stuckeybroth.com	Stuckey Brothers Parts Co"		
"summitpackaging.com 	Summit Packaging Corp"		
"summitracing.com	Summit Racing Equipment"		
"sunextools.com	Sunex Tools PTP"		
"sup-auto.com	DYK Automotive"		
"superchips.com	Superchip Inc"		
"supercool.ac	Supercool-TSI (Tire Seal Inc.)"		
"superex.com	Superex Canada Ltd"		
"superiorboston.com	Superior Automotive Warehouse"		
"superiorproducts.com	Superior Products"		
"superiortrucksupply.com	Superior Truck Supply"		
"superlift.com	Superlift Suspension Systems"		
"superlustre.com	SUPER LUSTRE SA DE CV (POS)"		
"superwinch.com	Superwinch"		
"supplierfftest.com	Supplier Test Account Flat File"		
"supplierviewdemo.com 	Supplier Test Account EDI"		
"supplierxmltest.com	Supplier Test Account XML"		
"supplierxmltest2.com	Supplier Test Account XML-2"		
"sureshotsprayer.com	Milwaukee Sprayer Mfg. Co."	 Inc. (Sure Shot)	
"surfcitygarage.com	Surf City Garage"		
"surtrack.biz	Advanced Innovative Technology (AIT)"		
"sutherlandauto.com	Sutherland Automotive"		
"swimlinecorp.com	Swimline Corp."		
"swsupply.net	Warehouse Inc (S&W Supply)"		
"swtp.com	Southwest Truck Parts"		
"sylbrakes.us	SYL USA LLC"		
"symtechcorp.net	Symtech Corporation"		
"t&t.ca	T&T Parts Ltd"		
"taapsplastic.com.mx	TAAPS Plastic Design and Development"	 S.A. de C.V..	
"taeservice.com	Toledo Spring-Toledo Truck Parts-Toledo Auto Electric"		
"target.com	Target Corporation"		
"tat-co.com	Transtar Autobody"		
"taylorbrandsllc.com	Taylor Cutlery"	 LLC	
"tbawd.com	TBA & Oil Warehouse"		
"tbccorp.com	TBC Corporation"		
"tcawcorp.com	Tri-City Automotive Whse (Indiana)"		
"teamji.com	Johnson Industries"		
"teampromark.com	ProMark Emblems"		
"teamxenon.com	American Best Auto Parts"		
"teamxenonedi.com	American Best Car Parts (EDI)"		
"technicalchemical.com	Technical Chemical Company"		
"teknorapex.com	Teknor Apex Company"		
"teleflexmarine.com	Sierra International Inc"		
"temotintl.com	TEMOT International"		
"tencate.com	TenCate (Nicolon Corporation)"		
"tendeco.com	Litens Automotive"		
"tenneco.com	Tenneco"		
"tennecoexhaustdemodata.com	VIC_Tenneco Exhaust"		
"tennecoridecontroldemodata.com	VIC_Tenneco Ride Control"		
"teraflex.biz	Tera Manufacturing"	 Inc	
"terrystiretown.com	Terry's Tire Town"		
"test_tradingPartner.com	Warehouse VIC"		
"testmscepicor.com	Modern Sales Epicor Testing"		
"testrite-usa.com	Test Rite Productions-Master Design"		
"thehoffmangroup.com	The Hoffman Group International"		
"themerrillco.com	The Merrill Co-Arnold Motor Supply"		
"thepartshouse.com	The Parts House-TPH Inc."		
"thepartshousecalif.com	The Parts House (California)"		
"thepiercecompany.com	The Pierce Company"	 Inc.	
"thermasys.com	Thermal Components"		
"thermotec.com	Thermo-Tec"		
"thermsolmfg.com	Thermal Solutions Manufacturing"	 Inc	
"thewheelgroup.com	The Wheel Group"		
"thexton.com	Thexton"		
"tidewaterfleetsupply.com 	Tidewater Fleet Supply"		
"tidwellws.com	TIDWELL WHOLESALE"		
"tigertool.com	Tiger Tool International Inc."		
"timken.com	Timken Company"		
"timken.com.mx	Timken de Mexico S.A. de C.V."		
"tirerack.com	The Tire Rack Wholesale"		
"titanfueltanks.com	Titan Fuel Tanks (Super Tanks LLC)"		
"titan-us.com	Star Asia USA Titan"		
"tjhiggins.com	T.J. Higgins"		
"tomco-inc.com	GSI Tomco Auto Products"		
"toolaid.com	S & G Tool Aid"		
"topring.ca	TopRing Inc"		
"toreroindustries.com	Torero Industries"		
"torkusa.com	SCA Tissue"		
"totaltool.com	Total Tool Supply"	 Inc.	
"totaltruckparts.com	Total Truck Parts"	 Inc.	
"toyota.ca 	Toyota Canada"		
"tractorsupply.com	Tractor Supply Co"		
"transamerican_van	TransAmerican_Van"		
"transaxle.com	Transaxle LLC"		
"transglobeauto.com	Transglobe Automotive"		
"transtarindustries.com	Transtar Industries"	 Inc.	
"triangleusa.com	Triangle Suspension Systems Inc."		
"tricoproducts.com	Trico Products"		
"trienttech.com	Trient Technologies"		
"trimaco.com	Trimaco"	 LLC	
"trimon.com	Trimon"		
"tristarengines.com	TRI STAR ENGINES"		
"tristatesauto.com	Tri-States Automotive Warehouse"		
"tristatewhse.com	Tri-State Warehouse"		
"truckpartsplus.com	Truck Parts Plus"	 Inc.	
"truckpride.com 	Truck Pride"		
"trucktrailerequipment.com	Truck Trailer & Equipment (aka Mississippi Peterbilt)"		
"trucktrailersupply.com	Truck & Trailer Supply"		
"truckxl.com	Truck XL"		
"truepartsinc.com	True Parts Inc"		
"truevaluecompany.com	True Value Company"		
"tru-serv.com	Tru-Serv Canada"		
"trustlinkauto.com	Trust Link Auto"		
"truxedo.com	Truxedo"		
"trw.com	TRW Automotive"		
"tsmgi.com	TSMGI"		
"ttsco.net	Tractor Trailer Supply"		
"tuffyproducts.com	Tuffy Security Products"		
"tuk.com.mx	Industrias TUK S.A. de C.V."		
"turboneticsinc.com	Turbonetics"	 Inc	
"turtlewax.com	Turtle Wax"	 Inc	
"uacparts.com	Universal Air Conditioner"	 Inc.	
"uapinc.com	UAP Canada"		
"ucx.com	Undercar Express"		
"ucxkoi.com	Undercar Express KOI Connection"		
"ullman-devices.com	Ullman Devices Corporation"		
"ultrafitexhaust.com	Ultrafit Exhaust Systems"		
"ultrawheel.com	Ultra Wheel Co."		
"uman.com	United Remanufacturing"		
"union-spring.com	Pontotoc Spring Div of Union Spring"		
"unipoint.com	Unipoint"		
"uniquewheel.com	Carlisle Tire and Wheel"		
"uniram.com	Uni-Ram Corporation"		
"uni-select.com	Uni-Select Roanoke"		
"uniselectcanada.com	Uni-Select Canada Automotive Group"		
"uniselectfla.com	Uni Select FLA"		
"uniselectusa.com	Uni-Select USA (Intertrade)"		
"unitedautosupply.com	United Auto Supply"		
"unitedautowisc.com	United Auto Supply of Wisc"		
"unitool.com	Unitool"		
"universalairaz.com	Universal Air AutoZone"		
"universallift.com	Universal Lift Parts"	 Inc.	
"universalpartswarehouse.com	Universal Parts Warehouse"	 Inc	
"ups.com	United Parcel Service (UPS)"		
"uquality.com 	UQuality Automotive Parts Corp."		
"uqualitywg.com	UQuality Automotive Parts Corp (Web Gateway Connections only)"		
"urethanesupply.com	Urethane Supply Company"		
"urrea.com	URREA HERRAMIENTAS PROFESIONALES"	 S.A. DE C.V.	
"usaind.com	USA Industries"		
"usaprogrip.com	USA Products Group Inc."		
"usautopart.net	US Auto Parts Network"		
"uschem.com	U.S. Chemical & Plastics-Quest Specialty Coatings"	 LLC	
"usmotorworks.com 	US Motor Works"		
"usparts.fi	US-Parts Finn-Am Ltd"		
"ustape.com	U S Tape"		
"ustool.com	U.S. INDUSTRIAL TOOL COMPANY"		
"uswheel.com	U.S. Wheel Corp"		
"uuu-china.com	CRS UUU Automotive"		
"uview.com	UView Ultraviolet Systems"	 Inc	
"v8tools.com	V-8 Tools"		
"vacavalley.com	Vaca Valley Auto Distributors"		
"vacula.com	Vacula Automotive Products (CEJN)"		
"vacutec.com	Worldwide Vapor"	 Inc.	
"valentinbo.com.mx	Valentin Barajas Ochoa"		
"valeo.com	Valeo"		
"valeoservice.com	Valeo Service"		
"valley.us.com	Valley Towing Systems"		
"vargas-sa.com.mx	Guantes Vargas"	 S.A. DE C.V.	
"vastactivant.com	Vast Auto-Montreal"		
"vastauto.com	Vast Auto"		
"vastontario.com	Vast Auto-Ontario"		
"vdpusa.com	Vertically Driven Products"		
"verizon.com	Verizon"		
"viaircorp.com	Viair Corp."		
"VIC_AJW.com	VIC_Associate Jobbers Warehouse"	 Inc.	
"VIC_AUTOWARES.COM	VIC_AUTOWARES"		
"VIC_TestTradingPartner	VIC_TestTradingPartner"		
"vicar.com	ViCar"	 Inc.	
"vicdemodata.com	VIC Demo Data"		
"vickayauto.com	VIC_Kay Auto Distributors"		
"vickoi.com	VIC_K.O.I. Warehouse"	 Inc.	
"victorypacking.com	Victory Packaging"		
"vimtools.com	Durston Manufacturing"		
"viskon-aire.com	Viskon-Aire Corp"		
"voltec-industries.com	Voltec Industries"		
"volvocanada.com	Volvo Trucks Canada"		
"vortechsuperchargers.com	Vortech Engineering"		
"voscope.com	VOScope"		
"wabcoproducts.com	WABCO Auto Parts Warehouse"		
"waekonmatco.com	Waekon Industries (Matco)"		
"wagan.com	Wagan Corporation"		
waiglobal.com	Wetherill Associates Inc. (WAI Global)		
"wakefieldcanada.ca	Wakefield Canada Inc (Castrol Canada)"		
"walkerexhaust.com	Tenneco Exhaust"		
"walkerproducts.com	Walker Products Inc"		
"walterschrysler.com 	Walters Chrysler"		
"waltertools.com	Walter USA"	 LLC	
"warn.com	Warn Industries"		
"warrendist.com	Warren Distributing"		
"warrenunilube.com	Warren Unilube"	 Inc.	
"waterlooindustries.com	Waterloo Industries"	 Inc.	
"waverlyminerals.com	Waverly Minerals"	 Inc.	
"wawparts.com	Woodbury Automotive Warehouse"		
"wayfair.com	Wayfair"		
"wd40.com	WD-40 Company"		
"wd40ca.com	WD-40 Canada"		
"wd-wpp.com	Warren Distribution"		
"weaverdist.com	Weaver Distributors Inc"		
"webauditdemo.com	Match3Buyer Upload"		
"webgatewaytest.com	Web Gateway Testing Account"		
"weldonparts.com	Weldon Parts"	 Inc.	
"wellertruck.com	Weller Auto & Truck"		
"wellsmfgcorp.com	Wells Manufacturing Company"		
"westarindustries.com	Westar Distribution"	 LLC	
"westernbearing.com	Western Bearing & Auto Parts"		
"westernfilters.com	VIC_Western Filters"		
westin.com	Westin Automotiv		
"westinautomotive.com	Westin Automotive"		
"westrans.com	WESTRANS"		
"wfsltd.com	WFS Ltd."		
"wguserdemo.com	Web Gateway User Demo"		
"wheelbearingsinc.com	Wheel Bearings Inc."		
"wheelpros.com	Wheel Pros"		
"wheeltime.com	WheelTime Network LLC"		
"wheelwax.com	Wheel Wax"		
"whistlergroup.com	The Whistler Group"		
"whitebrothers.com	White Brothers"		
"whitediamondpolish.com	White Diamond Detail Prod. (Schultz Labs. Mfg.)"		
"whitener-enterprises.com	Whitener Enterprises"	 Inc	
"whitesidemfg.com	Whiteside Manufacturing"		
"wickstt.com	Wick's Fast Lane Heavy Duty"		
"williamsequipment.com	Williams Equipment and Supply"		
"wilmar.com	Wilmar Corporation"		
"wilsonautoparts.com	Wilson Auto Parts"		
"windwardpetroleum.com	Windward Petroleum"		
"winwholesale.com	Win Wholesale Inc"		
"wiseindustries.com	Wise Industries"		
"wit-co.com	WIT & Co."		
"wittetool.com	Witte Tools"		
"wixfilters.ca	Affinia Filtration Canada"		
"wixfilters.mex	WF Distribucion S.A. De C.V.(Affinia Filtration Mexico)"		
"wmautomotive.com	WM Automotive Warehouse"	 Inc.	
"wmbarr.com	W.M. Barr"		
"wmfleetparts.com	Western Michigan Fleet Parts"	 Inc.	
"wmhtoolgroup.com	WMH Tool Group"	 Inc.	
"wonhparts.com	delete Ningbo Wonh Industries Co."	Ltd	
"worldpac.com 	WORLDPAC"		
"worldwideautosupply.com	Worldwide Auto Supply"	 Inc.	
"worx.ca	Worx Environmental Products Inc."		
"wsaparts.com 	West Springfield Auto Parts"		
"wssl.ca 	WSSL Auto Parts Distributors"		
"wwadcock.com	W.W.Adcock"		
"wwauto.com	Remy-World Wide Automotive"		
"wyattparts.com	Wyatt Auto Parts"		
"yanceybus.com	Yancey Bus Sales and Service"		
"yavapai.com	Yavapai Machine and Auto Parts"		
"yellowjacket.com 	Ritchie Engineering Co. Inc. Recovery Division"		
"yournutz.com	Your Nutz"		
"zenithauto.com	Zenith Auto Parts"		
"zftna.com	ZF Trading North America"		
"zientaraco.com	Zientara Fleet Equipment"		
