ASC_X12_850_004_010_DEFAULT_X->N1_Name_S41->TD5_Carrier_Details__Routing_Sequence_T_S51->_387_Routing_E5,X12_00401_850->N1Loop1->TD5_2->TD505
ASC_X12_850_004_010_DEFAULT_X->N1_Name_S41->TD5_Carrier_Details__Routing_Sequence_T_S51->_368_Shipment_Order_Status_Code_E6,X12_00401_850->N1Loop1->TD5_2->TD506
ASC_X12_850_004_010_DEFAULT_X->N1_Name_S41->TD5_Carrier_Details__Routing_Sequence_T_S51->_309_Location_Qualifier_E7,X12_00401_850->N1Loop1->TD5_2->TD507
ASC_X12_850_004_010_DEFAULT_X->N1_Name_S41->TD5_Carrier_Details__Routing_Sequence_T_S51->_310_Location_Identifier_E8,X12_00401_850->N1Loop1->TD5_2->TD508
ASC_X12_850_004_010_DEFAULT_X->N1_Name_S41->TD5_Carrier_Details__Routing_Sequence_T_S51->_731_Transit_Direction_Code_E9,X12_00401_850->N1Loop1->TD5_2->TD509
ASC_X12_850_004_010_DEFAULT_X->N1_Name_S41->TD5_Carrier_Details__Routing_Sequence_T_S51->_732_Transit_Time_Direction_Qualifier_E10,X12_00401_850->N1Loop1->TD5_2->TD510
ASC_X12_850_004_010_DEFAULT_X->N1_Name_S41->TD5_Carrier_Details__Routing_Sequence_T_S51->_733_Transit_Time_E11,X12_00401_850->N1Loop1->TD5_2->TD511
ASC_X12_850_004_010_DEFAULT_X->N1_Name_S41->TD5_Carrier_Details__Routing_Sequence_T_S51->_284_Service_Level_Code_E12,X12_00401_850->N1Loop1->TD5_2->TD512
ASC_X12_850_004_010_DEFAULT_X->N1_Name_S41->TD5_Carrier_Details__Routing_Sequence_T_S51->_284_Service_Level_Code_E13,X12_00401_850->N1Loop1->TD5_2->TD513
ASC_X12_850_004_010_DEFAULT_X->N1_Name_S41->TD5_Carrier_Details__Routing_Sequence_T_S51->_284_Service_Level_Code_E14,X12_00401_850->N1Loop1->TD5_2->TD514
ASC_X12_850_004_010_DEFAULT_X->N1_Name_S41->TD5_Carrier_Details__Routing_Sequence_T_S51->_26_Country_Code_E15,X12_00401_850->N1Loop1->TD5_2->TD515
ASC_X12_850_004_010_DEFAULT_X->N1_Name_S41->TD3_Carrier_Details__Equipment__S52->_40_Equipment_Description_Code_E1,X12_00401_850->N1Loop1->TD3_2->TD301
ASC_X12_850_004_010_DEFAULT_X->N1_Name_S41->TD3_Carrier_Details__Equipment__S52->_206_Equipment_Initial_E2,X12_00401_850->N1Loop1->TD3_2->TD302
ASC_X12_850_004_010_DEFAULT_X->N1_Name_S41->TD3_Carrier_Details__Equipment__S52->_207_Equipment_Number_E3,X12_00401_850->N1Loop1->TD3_2->TD303
ASC_X12_850_004_010_DEFAULT_X->N1_Name_S41->TD3_Carrier_Details__Equipment__S52->_187_Weight_Qualifier_E4,X12_00401_850->N1Loop1->TD3_2->TD304
ASC_X12_850_004_010_DEFAULT_X->N1_Name_S41->TD3_Carrier_Details__Equipment__S52->_81_Weight_E5,X12_00401_850->N1Loop1->TD3_2->TD305
ASC_X12_850_004_010_DEFAULT_X->N1_Name_S41->TD3_Carrier_Details__Equipment__S52->_355_Unit_or_Basis_for_Measurement_Code_E6,X12_00401_850->N1Loop1->TD3_2->TD306
ASC_X12_850_004_010_DEFAULT_X->N1_Name_S41->TD3_Carrier_Details__Equipment__S52->_102_Ownership_Code_E7,X12_00401_850->N1Loop1->TD3_2->TD307
ASC_X12_850_004_010_DEFAULT_X->N1_Name_S41->TD3_Carrier_Details__Equipment__S52->_407_Seal_Status_Code_E8,X12_00401_850->N1Loop1->TD3_2->TD308
ASC_X12_850_004_010_DEFAULT_X->N1_Name_S41->TD3_Carrier_Details__Equipment__S52->_225_Seal_Number_E9,X12_00401_850->N1Loop1->TD3_2->TD309
ASC_X12_850_004_010_DEFAULT_X->N1_Name_S41->TD3_Carrier_Details__Equipment__S52->_24_Equipment_Type_E10,X12_00401_850->N1Loop1->TD3_2->TD310
ASC_X12_850_004_010_DEFAULT_X->N1_Name_S41->TD4_Carrier_Details__Special_Handling__S53->_152_Special_Handling_Code_E1,X12_00401_850->N1Loop1->TD4_2->TD401
ASC_X12_850_004_010_DEFAULT_X->N1_Name_S41->TD4_Carrier_Details__Special_Handling__S53->_208_Hazardous_Material_Code_Qualifier_E2,X12_00401_850->N1Loop1->TD4_2->TD402
ASC_X12_850_004_010_DEFAULT_X->N1_Name_S41->TD4_Carrier_Details__Special_Handling__S53->_209_Hazardous_Material_Class_Code_E3,X12_00401_850->N1Loop1->TD4_2->TD403
ASC_X12_850_004_010_DEFAULT_X->N1_Name_S41->TD4_Carrier_Details__Special_Handling__S53->_352_Description_E4,X12_00401_850->N1Loop1->TD4_2->TD404
ASC_X12_850_004_010_DEFAULT_X->N1_Name_S41->TD4_Carrier_Details__Special_Handling__S53->_1073_Yes_No_Condition_or_Response_Code_E5,X12_00401_850->N1Loop1->TD4_2->TD405
ASC_X12_850_004_010_DEFAULT_X->BEG_Beginning_Segment_for_Purchas__BEG__S1->_353_Transaction_Set_Purpose_Code_E1,X12_00401_850->BEG->BEG01
ASC_X12_850_004_010_DEFAULT_X->BEG_Beginning_Segment_for_Purchas__BEG__S1->_92_Purchase_Order_Type_Code_E2,X12_00401_850->BEG->BEG02
ASC_X12_850_004_010_DEFAULT_X->BEG_Beginning_Segment_for_Purchas__BEG__S1->_324_Purchase_Order_Number_E3,X12_00401_850->BEG->BEG03
ASC_X12_850_004_010_DEFAULT_X->BEG_Beginning_Segment_for_Purchas__BEG__S1->_328_Release_Number_E4,X12_00401_850->BEG->BEG04
ASC_X12_850_004_010_DEFAULT_X->BEG_Beginning_Segment_for_Purchas__BEG__S1->_367_Contract_Number_E6,X12_00401_850->BEG->BEG06
ASC_X12_850_004_010_DEFAULT_X->BEG_Beginning_Segment_for_Purchas__BEG__S1->_587_Acknowledgment_Type_E7,X12_00401_850->BEG->BEG07
ASC_X12_850_004_010_DEFAULT_X->BEG_Beginning_Segment_for_Purchas__BEG__S1->_1019_Invoice_Type_Code_E8,X12_00401_850->BEG->BEG08
ASC_X12_850_004_010_DEFAULT_X->BEG_Beginning_Segment_for_Purchas__BEG__S1->_1166_Contract_Type_Code_E9,X12_00401_850->BEG->BEG09
ASC_X12_850_004_010_DEFAULT_X->BEG_Beginning_Segment_for_Purchas__BEG__S1->_1232_Purchase_Category_E10,X12_00401_850->BEG->BEG10
ASC_X12_850_004_010_DEFAULT_X->BEG_Beginning_Segment_for_Purchas__BEG__S1->_786_Security_Level_Code_E11,X12_00401_850->BEG->BEG11
ASC_X12_850_004_010_DEFAULT_X->BEG_Beginning_Segment_for_Purchas__BEG__S1->_640_Transaction_Type_Code_E12,X12_00401_850->BEG->BEG12
ASC_X12_850_004_010_DEFAULT_X->CUR_Currency__CUR__S2->_98_Entity_Identifier_Code_E1,X12_00401_850->CUR->CUR01
ASC_X12_850_004_010_DEFAULT_X->CUR_Currency__CUR__S2->_100_Currency_Code_E2,X12_00401_850->CUR->CUR02
ASC_X12_850_004_010_DEFAULT_X->REF_Reference_Identification__REF__S3->_128_Reference_Identification_Qualifier_E1,X12_00401_850->REF->REF01
ASC_X12_850_004_010_DEFAULT_X->REF_Reference_Identification__REF__S3->_127_Reference_Identification_E2,X12_00401_850->REF->REF02
ASC_X12_850_004_010_DEFAULT_X->REF_Reference_Identification__REF__S3->_352_Description_E3,X12_00401_850->REF->REF03
ASC_X12_850_004_010_DEFAULT_X->PER_Administrative_Communications_Conta_S4->_366_Contact_Function_Code_E1,X12_00401_850->PER->PER01
ASC_X12_850_004_010_DEFAULT_X->PER_Administrative_Communications_Conta_S4->_93_Name_E2,X12_00401_850->PER->PER02
ASC_X12_850_004_010_DEFAULT_X->PER_Administrative_Communications_Conta_S4->_365_Communication_Number_Qualifier_E3,X12_00401_850->PER->PER03
ASC_X12_850_004_010_DEFAULT_X->PER_Administrative_Communications_Conta_S4->_364_Communication_Number_E4,X12_00401_850->PER->PER04
ASC_X12_850_004_010_DEFAULT_X->PER_Administrative_Communications_Conta_S4->_365_Communication_Number_Qualifier_E5,X12_00401_850->PER->PER05
ASC_X12_850_004_010_DEFAULT_X->PER_Administrative_Communications_Conta_S4->_364_Communication_Number_E6,X12_00401_850->PER->PER06
ASC_X12_850_004_010_DEFAULT_X->PER_Administrative_Communications_Conta_S4->_365_Communication_Number_Qualifier_E7,X12_00401_850->PER->PER07
ASC_X12_850_004_010_DEFAULT_X->PER_Administrative_Communications_Conta_S4->_364_Communication_Number_E8,X12_00401_850->PER->PER08
ASC_X12_850_004_010_DEFAULT_X->PER_Administrative_Communications_Conta_S4->_443_Contact_Inquiry_Reference_E9,X12_00401_850->PER->PER09
ASC_X12_850_004_010_DEFAULT_X->FOB_F.O.B._Related_Instructions_S6->_146_Shipment_Method_of_Payment_E1,X12_00401_850->FOB->FOB01
ASC_X12_850_004_010_DEFAULT_X->FOB_F.O.B._Related_Instructions_S6->_309_Location_Qualifier_E2,X12_00401_850->FOB->FOB02
ASC_X12_850_004_010_DEFAULT_X->FOB_F.O.B._Related_Instructions_S6->_352_Description_E3,X12_00401_850->FOB->FOB03
ASC_X12_850_004_010_DEFAULT_X->FOB_F.O.B._Related_Instructions_S6->_334_Transportation_Terms_Qualifier_Code_E4,X12_00401_850->FOB->FOB04
ASC_X12_850_004_010_DEFAULT_X->FOB_F.O.B._Related_Instructions_S6->_335_Transportation_Terms_Code_E5,X12_00401_850->FOB->FOB05
ASC_X12_850_004_010_DEFAULT_X->FOB_F.O.B._Related_Instructions_S6->_309_Location_Qualifier_E6,X12_00401_850->FOB->FOB06
ASC_X12_850_004_010_DEFAULT_X->FOB_F.O.B._Related_Instructions_S6->_352_Description_E7,X12_00401_850->FOB->FOB07
ASC_X12_850_004_010_DEFAULT_X->FOB_F.O.B._Related_Instructions_S6->_54_Risk_of_Loss_Code_E8,X12_00401_850->FOB->FOB08
ASC_X12_850_004_010_DEFAULT_X->FOB_F.O.B._Related_Instructions_S6->_352_Description_E9,X12_00401_850->FOB->FOB09
ASC_X12_850_004_010_DEFAULT_X->CSH_Sales_Requirements_S9->_563_Sales_Requirement_Code_E1,X12_00401_850->CSH->CSH01
ASC_X12_850_004_010_DEFAULT_X->SAC_Service__Promotion__Allowance__or_C_S11->_1300_Service__Promotion__Allowance__or_C_E2,X12_00401_850->SACLoop1->SAC->SAC02
ASC_X12_850_004_010_DEFAULT_X->SAC_Service__Promotion__Allowance__or_C_S11->_559_Agency_Qualifier_Code_E3,X12_00401_850->SACLoop1->SAC->SAC03
ASC_X12_850_004_010_DEFAULT_X->SAC_Service__Promotion__Allowance__or_C_S11->_1301_Agency_Service__Promotion__Allowanc_E4,X12_00401_850->SACLoop1->SAC->SAC04
ASC_X12_850_004_010_DEFAULT_X->SAC_Service__Promotion__Allowance__or_C_S11->_378_Allowance_Charge_Percent_Qualifier_E6,X12_00401_850->SACLoop1->SAC->SAC06
ASC_X12_850_004_010_DEFAULT_X->SAC_Service__Promotion__Allowance__or_C_S11->_332_Percent_E7,X12_00401_850->SACLoop1->SAC->SAC07
ASC_X12_850_004_010_DEFAULT_X->SAC_Service__Promotion__Allowance__or_C_S11->_118_Rate_E8,X12_00401_850->SACLoop1->SAC->SAC08
ASC_X12_850_004_010_DEFAULT_X->SAC_Service__Promotion__Allowance__or_C_S11->_355_Unit_or_Basis_for_Measurement_Code_E9,X12_00401_850->SACLoop1->SAC->SAC09
ASC_X12_850_004_010_DEFAULT_X->SAC_Service__Promotion__Allowance__or_C_S11->_380_Quantity_E10,X12_00401_850->SACLoop1->SAC->SAC10
ASC_X12_850_004_010_DEFAULT_X->SAC_Service__Promotion__Allowance__or_C_S11->_380_Quantity_E11,X12_00401_850->SACLoop1->SAC->SAC11
ASC_X12_850_004_010_DEFAULT_X->SAC_Service__Promotion__Allowance__or_C_S11->_331_Allowance_or_Charge_Method_of_Handl_E12,X12_00401_850->SACLoop1->SAC->SAC12
ASC_X12_850_004_010_DEFAULT_X->SAC_Service__Promotion__Allowance__or_C_S11->_127_Reference_Identification_E13,X12_00401_850->SACLoop1->SAC->SAC13
ASC_X12_850_004_010_DEFAULT_X->SAC_Service__Promotion__Allowance__or_C_S11->_770_Option_Number_E14,X12_00401_850->SACLoop1->SAC->SAC14
ASC_X12_850_004_010_DEFAULT_X->SAC_Service__Promotion__Allowance__or_C_S11->_352_Description_E15,X12_00401_850->SACLoop1->SAC->SAC15
ASC_X12_850_004_010_DEFAULT_X->SAC_Service__Promotion__Allowance__or_C_S11->_819_Language_Code_E16,X12_00401_850->SACLoop1->SAC->SAC16
ASC_X12_850_004_010_DEFAULT_X->ITD_Terms_of_Sale_Deferred_Terms_of_Sal_S13->_336_Terms_Type_Code_E1,X12_00401_850->ITD->ITD01
ASC_X12_850_004_010_DEFAULT_X->ITD_Terms_of_Sale_Deferred_Terms_of_Sal_S13->_333_Terms_Basis_Date_Code_E2,X12_00401_850->ITD->ITD02
ASC_X12_850_004_010_DEFAULT_X->ITD_Terms_of_Sale_Deferred_Terms_of_Sal_S13->_351_Terms_Discount_Days_Due_E5,X12_00401_850->ITD->ITD05
ASC_X12_850_004_010_DEFAULT_X->ITD_Terms_of_Sale_Deferred_Terms_of_Sal_S13->_386_Terms_Net_Days_E7,X12_00401_850->ITD->ITD07
ASC_X12_850_004_010_DEFAULT_X->ITD_Terms_of_Sale_Deferred_Terms_of_Sal_S13->_362_Terms_Discount_Amount_E8,X12_00401_850->ITD->ITD08
ASC_X12_850_004_010_DEFAULT_X->ITD_Terms_of_Sale_Deferred_Terms_of_Sal_S13->_389_Deferred_Amount_Due_E10,X12_00401_850->ITD->ITD10
ASC_X12_850_004_010_DEFAULT_X->ITD_Terms_of_Sale_Deferred_Terms_of_Sal_S13->_342_Percent_of_Invoice_Payable_E11,X12_00401_850->ITD->ITD11
ASC_X12_850_004_010_DEFAULT_X->ITD_Terms_of_Sale_Deferred_Terms_of_Sal_S13->_352_Description_E12,X12_00401_850->ITD->ITD12
ASC_X12_850_004_010_DEFAULT_X->ITD_Terms_of_Sale_Deferred_Terms_of_Sal_S13->_765_Day_of_Month_E13,X12_00401_850->ITD->ITD13
ASC_X12_850_004_010_DEFAULT_X->ITD_Terms_of_Sale_Deferred_Terms_of_Sal_S13->_107_Payment_Method_Code_E14,X12_00401_850->ITD->ITD14
ASC_X12_850_004_010_DEFAULT_X->ITD_Terms_of_Sale_Deferred_Terms_of_Sal_S13->_954_Percent__954__E15,X12_00401_850->ITD->ITD15
ASC_X12_850_004_010_DEFAULT_X->DIS_Discount_Detail_S14->_653_Discount_Terms_Type_Code_E1,X12_00401_850->DIS->DIS01
ASC_X12_850_004_010_DEFAULT_X->DIS_Discount_Detail_S14->_654_Discount_Base_Qualifier_E2,X12_00401_850->DIS->DIS02
ASC_X12_850_004_010_DEFAULT_X->DIS_Discount_Detail_S14->_655_Discount_Base_Value_E3,X12_00401_850->DIS->DIS03
ASC_X12_850_004_010_DEFAULT_X->DIS_Discount_Detail_S14->_656_Discount_Control_Limit_Qualifier_E4,X12_00401_850->DIS->DIS04
ASC_X12_850_004_010_DEFAULT_X->DIS_Discount_Detail_S14->_657_Discount_Control_Limit_E5,X12_00401_850->DIS->DIS05
ASC_X12_850_004_010_DEFAULT_X->DIS_Discount_Detail_S14->_657_Discount_Control_Limit_E6,X12_00401_850->DIS->DIS06
ASC_X12_850_004_010_DEFAULT_X->DTM_Date_Time_Reference_S16->_374_Date_Time_Qualifier_E1,X12_00401_850->DTM->DTM01
ASC_X12_850_004_010_DEFAULT_X->DTM_Date_Time_Reference_S16->_337_Time_E3,X12_00401_850->DTM->DTM03
ASC_X12_850_004_010_DEFAULT_X->DTM_Date_Time_Reference_S16->_623_Time_Code_E4,X12_00401_850->DTM->DTM04
ASC_X12_850_004_010_DEFAULT_X->DTM_Date_Time_Reference_S16->_1250_Date_Time_Period_Format_Qualifier_E5,X12_00401_850->DTM->DTM05
ASC_X12_850_004_010_DEFAULT_X->DTM_Date_Time_Reference_S16->_1251_Date_Time_Period_E6,X12_00401_850->DTM->DTM06
ASC_X12_850_004_010_DEFAULT_X->LDT_Lead_Time_S17->_345_Lead_Time_Code_E1,X12_00401_850->LDT->LDT01
ASC_X12_850_004_010_DEFAULT_X->LDT_Lead_Time_S17->_380_Quantity_E2,X12_00401_850->LDT->LDT02
ASC_X12_850_004_010_DEFAULT_X->LDT_Lead_Time_S17->_344_Unit_of_Time_Period_or_Interval_E3,X12_00401_850->LDT->LDT03
ASC_X12_850_004_010_DEFAULT_X->TD1_Carrier_Details__Quantity_and_Weigh_S24->_103_Packaging_Code_E1,X12_00401_850->TD1->TD101
ASC_X12_850_004_010_DEFAULT_X->TD1_Carrier_Details__Quantity_and_Weigh_S24->_80_Lading_Quantity_E2,X12_00401_850->TD1->TD102
ASC_X12_850_004_010_DEFAULT_X->TD1_Carrier_Details__Quantity_and_Weigh_S24->_23_Commodity_Code_Qualifier_E3,X12_00401_850->TD1->TD103
ASC_X12_850_004_010_DEFAULT_X->TD1_Carrier_Details__Quantity_and_Weigh_S24->_22_Commodity_Code_E4,X12_00401_850->TD1->TD104
ASC_X12_850_004_010_DEFAULT_X->TD1_Carrier_Details__Quantity_and_Weigh_S24->_79_Lading_Description_E5,X12_00401_850->TD1->TD105
ASC_X12_850_004_010_DEFAULT_X->TD1_Carrier_Details__Quantity_and_Weigh_S24->_187_Weight_Qualifier_E6,X12_00401_850->TD1->TD106
ASC_X12_850_004_010_DEFAULT_X->TD1_Carrier_Details__Quantity_and_Weigh_S24->_81_Weight_E7,X12_00401_850->TD1->TD107
ASC_X12_850_004_010_DEFAULT_X->TD1_Carrier_Details__Quantity_and_Weigh_S24->_355_Unit_or_Basis_for_Measurement_Code_E8,X12_00401_850->TD1->TD108
ASC_X12_850_004_010_DEFAULT_X->TD1_Carrier_Details__Quantity_and_Weigh_S24->_183_Volume_E9,X12_00401_850->TD1->TD109
ASC_X12_850_004_010_DEFAULT_X->TD1_Carrier_Details__Quantity_and_Weigh_S24->_355_Unit_or_Basis_for_Measurement_Code_E10,X12_00401_850->TD1->TD110
ASC_X12_850_004_010_DEFAULT_X->TD5_Carrier_Details__Routing_Sequence_T_S25->_133_Routing_Sequence_Code_E1,X12_00401_850->TD5->TD501
ASC_X12_850_004_010_DEFAULT_X->TD5_Carrier_Details__Routing_Sequence_T_S25->_66_Identification_Code_Qualifier_E2,X12_00401_850->TD5->TD502
ASC_X12_850_004_010_DEFAULT_X->TD5_Carrier_Details__Routing_Sequence_T_S25->_67_Identification_Code_E3,X12_00401_850->TD5->TD503
ASC_X12_850_004_010_DEFAULT_X->TD5_Carrier_Details__Routing_Sequence_T_S25->_91_Transportation_Method_Type_Code_E4,X12_00401_850->TD5->TD504
ASC_X12_850_004_010_DEFAULT_X->TD5_Carrier_Details__Routing_Sequence_T_S25->_387_Routing_E5,X12_00401_850->TD5->TD505
ASC_X12_850_004_010_DEFAULT_X->TD5_Carrier_Details__Routing_Sequence_T_S25->_368_Shipment_Order_Status_Code_E6,X12_00401_850->TD5->TD506
ASC_X12_850_004_010_DEFAULT_X->TD5_Carrier_Details__Routing_Sequence_T_S25->_309_Location_Qualifier_E7,X12_00401_850->TD5->TD507
ASC_X12_850_004_010_DEFAULT_X->TD5_Carrier_Details__Routing_Sequence_T_S25->_310_Location_Identifier_E8,X12_00401_850->TD5->TD508
ASC_X12_850_004_010_DEFAULT_X->TD5_Carrier_Details__Routing_Sequence_T_S25->_731_Transit_Direction_Code_E9,X12_00401_850->TD5->TD509
ASC_X12_850_004_010_DEFAULT_X->TD5_Carrier_Details__Routing_Sequence_T_S25->_732_Transit_Time_Direction_Qualifier_E10,X12_00401_850->TD5->TD510
ASC_X12_850_004_010_DEFAULT_X->TD5_Carrier_Details__Routing_Sequence_T_S25->_733_Transit_Time_E11,X12_00401_850->TD5->TD511
ASC_X12_850_004_010_DEFAULT_X->TD5_Carrier_Details__Routing_Sequence_T_S25->_284_Service_Level_Code_E12,X12_00401_850->TD5->TD512
ASC_X12_850_004_010_DEFAULT_X->TD5_Carrier_Details__Routing_Sequence_T_S25->_284_Service_Level_Code_E13,X12_00401_850->TD5->TD513
ASC_X12_850_004_010_DEFAULT_X->TD5_Carrier_Details__Routing_Sequence_T_S25->_284_Service_Level_Code_E14,X12_00401_850->TD5->TD514
ASC_X12_850_004_010_DEFAULT_X->TD5_Carrier_Details__Routing_Sequence_T_S25->_26_Country_Code_E15,X12_00401_850->TD5->TD515
ASC_X12_850_004_010_DEFAULT_X->TD3_Carrier_Details__Equipment__S26->_40_Equipment_Description_Code_E1,X12_00401_850->TD3->TD301
ASC_X12_850_004_010_DEFAULT_X->TD3_Carrier_Details__Equipment__S26->_206_Equipment_Initial_E2,X12_00401_850->TD3->TD302
ASC_X12_850_004_010_DEFAULT_X->TD3_Carrier_Details__Equipment__S26->_207_Equipment_Number_E3,X12_00401_850->TD3->TD303
ASC_X12_850_004_010_DEFAULT_X->TD3_Carrier_Details__Equipment__S26->_187_Weight_Qualifier_E4,X12_00401_850->TD3->TD304
ASC_X12_850_004_010_DEFAULT_X->TD3_Carrier_Details__Equipment__S26->_81_Weight_E5,X12_00401_850->TD3->TD305
ASC_X12_850_004_010_DEFAULT_X->TD3_Carrier_Details__Equipment__S26->_355_Unit_or_Basis_for_Measurement_Code_E6,X12_00401_850->TD3->TD306
ASC_X12_850_004_010_DEFAULT_X->TD3_Carrier_Details__Equipment__S26->_102_Ownership_Code_E7,X12_00401_850->TD3->TD307
ASC_X12_850_004_010_DEFAULT_X->TD3_Carrier_Details__Equipment__S26->_407_Seal_Status_Code_E8,X12_00401_850->TD3->TD308
ASC_X12_850_004_010_DEFAULT_X->TD3_Carrier_Details__Equipment__S26->_225_Seal_Number_E9,X12_00401_850->TD3->TD309
ASC_X12_850_004_010_DEFAULT_X->TD3_Carrier_Details__Equipment__S26->_24_Equipment_Type_E10,X12_00401_850->TD3->TD310
ASC_X12_850_004_010_DEFAULT_X->TD4_Carrier_Details__Special_Handling__S27->_152_Special_Handling_Code_E1,X12_00401_850->TD4->TD401
ASC_X12_850_004_010_DEFAULT_X->TD4_Carrier_Details__Special_Handling__S27->_208_Hazardous_Material_Code_Qualifier_E2,X12_00401_850->TD4->TD402
ASC_X12_850_004_010_DEFAULT_X->TD4_Carrier_Details__Special_Handling__S27->_209_Hazardous_Material_Class_Code_E3,X12_00401_850->TD4->TD403
ASC_X12_850_004_010_DEFAULT_X->TD4_Carrier_Details__Special_Handling__S27->_352_Description_E4,X12_00401_850->TD4->TD404
ASC_X12_850_004_010_DEFAULT_X->TD4_Carrier_Details__Special_Handling__S27->_1073_Yes_No_Condition_or_Response_Code_E5,X12_00401_850->TD4->TD405
ASC_X12_850_004_010_DEFAULT_X->N9_Reference_Identification_S38->_128_Reference_Identification_Qualifier_E1,X12_00401_850->N9Loop1->N9->N901
ASC_X12_850_004_010_DEFAULT_X->N9_Reference_Identification_S38->_127_Reference_Identification_E2,X12_00401_850->N9Loop1->N9->N902
ASC_X12_850_004_010_DEFAULT_X->N9_Reference_Identification_S38->MSG_Message_Text_S40->_933_Free-Form_Message_Text_E1,X12_00401_850->N9Loop1->MSG->MSG01
ASC_X12_850_004_010_DEFAULT_X->N1_Name_S41->_98_Entity_Identifier_Code_E1,X12_00401_850->N1Loop1->N1->N101
ASC_X12_850_004_010_DEFAULT_X->N1_Name_S41->_93_Name_E2,X12_00401_850->N1Loop1->N1->N102
ASC_X12_850_004_010_DEFAULT_X->N1_Name_S41->_66_Identification_Code_Qualifier_E3,X12_00401_850->N1Loop1->N1->N103
ASC_X12_850_004_010_DEFAULT_X->N1_Name_S41->_67_Identification_Code_E4,X12_00401_850->N1Loop1->N1->N104
ASC_X12_850_004_010_DEFAULT_X->N1_Name_S41->_706_Entity_Relationship_Code_E5,X12_00401_850->N1Loop1->N1->N105
ASC_X12_850_004_010_DEFAULT_X->N1_Name_S41->_98_Entity_Identifier_Code_E6,X12_00401_850->N1Loop1->N1->N106
ASC_X12_850_004_010_DEFAULT_X->N1_Name_S41->N2_Additional_Name_Information_S42->_93_Name_E1,X12_00401_850->N1Loop1->N2->N201
ASC_X12_850_004_010_DEFAULT_X->N1_Name_S41->N2_Additional_Name_Information_S42->_93_Name_E2,X12_00401_850->N1Loop1->N2->N202
ASC_X12_850_004_010_DEFAULT_X->N1_Name_S41->N3_Address_Information_S43->_166_Address_Information_E1,X12_00401_850->N1Loop1->N3->N301
ASC_X12_850_004_010_DEFAULT_X->N1_Name_S41->N3_Address_Information_S43->_166_Address_Information_E2,X12_00401_850->N1Loop1->N3->N302
ASC_X12_850_004_010_DEFAULT_X->N1_Name_S41->N4_Geographic_Location_S44->_19_City_Name_E1,X12_00401_850->N1Loop1->N4->N401
ASC_X12_850_004_010_DEFAULT_X->N1_Name_S41->N4_Geographic_Location_S44->_156_State_or_Province_Code_E2,X12_00401_850->N1Loop1->N4->N402
ASC_X12_850_004_010_DEFAULT_X->N1_Name_S41->N4_Geographic_Location_S44->_116_Postal_Code_E3,X12_00401_850->N1Loop1->N4->N403
ASC_X12_850_004_010_DEFAULT_X->N1_Name_S41->N4_Geographic_Location_S44->_26_Country_Code_E4,X12_00401_850->N1Loop1->N4->N404
ASC_X12_850_004_010_DEFAULT_X->N1_Name_S41->N4_Geographic_Location_S44->_309_Location_Qualifier_E5,X12_00401_850->N1Loop1->N4->N405
ASC_X12_850_004_010_DEFAULT_X->N1_Name_S41->N4_Geographic_Location_S44->_310_Location_Identifier_E6,X12_00401_850->N1Loop1->N4->N406
ASC_X12_850_004_010_DEFAULT_X->N9_Reference_Identification_S38->MSG_Message_Text_S40,X12_00401_850->N9Loop1->MSG
ASC_X12_850_004_010_DEFAULT_X->N9_Reference_Identification_S38->MSG_Message_Text_S40,X12_00401_850->N9Loop1->MSG
ASC_X12_850_004_010_DEFAULT_X->N1_Name_S41->REF_Reference_Identification__REF__S46->_128_Reference_Identification_Qualifier_E1,X12_00401_850->N1Loop1->REF_3->REF01
ASC_X12_850_004_010_DEFAULT_X->N1_Name_S41->REF_Reference_Identification__REF__S46->_127_Reference_Identification_E2,X12_00401_850->N1Loop1->REF_3->REF02
ASC_X12_850_004_010_DEFAULT_X->N1_Name_S41->REF_Reference_Identification__REF__S46->_352_Description_E3,X12_00401_850->N1Loop1->REF_3->REF03
ASC_X12_850_004_010_DEFAULT_X->N1_Name_S41->PER_Administrative_Communications_Conta_S47->_366_Contact_Function_Code_E1,X12_00401_850->N1Loop1->PER_2->PER01
ASC_X12_850_004_010_DEFAULT_X->N1_Name_S41->PER_Administrative_Communications_Conta_S47->_93_Name_E2,X12_00401_850->N1Loop1->PER_2->PER02
ASC_X12_850_004_010_DEFAULT_X->N1_Name_S41->PER_Administrative_Communications_Conta_S47->_365_Communication_Number_Qualifier_E3,X12_00401_850->N1Loop1->PER_2->PER03
ASC_X12_850_004_010_DEFAULT_X->N1_Name_S41->PER_Administrative_Communications_Conta_S47->_364_Communication_Number_E4,X12_00401_850->N1Loop1->PER_2->PER04
ASC_X12_850_004_010_DEFAULT_X->N1_Name_S41->PER_Administrative_Communications_Conta_S47->_365_Communication_Number_Qualifier_E5,X12_00401_850->N1Loop1->PER_2->PER05
ASC_X12_850_004_010_DEFAULT_X->N1_Name_S41->PER_Administrative_Communications_Conta_S47->_364_Communication_Number_E6,X12_00401_850->N1Loop1->PER_2->PER06
ASC_X12_850_004_010_DEFAULT_X->N1_Name_S41->PER_Administrative_Communications_Conta_S47->_365_Communication_Number_Qualifier_E7,X12_00401_850->N1Loop1->PER_2->PER07
ASC_X12_850_004_010_DEFAULT_X->N1_Name_S41->PER_Administrative_Communications_Conta_S47->_364_Communication_Number_E8,X12_00401_850->N1Loop1->PER_2->PER08
ASC_X12_850_004_010_DEFAULT_X->N1_Name_S41->PER_Administrative_Communications_Conta_S47->_443_Contact_Inquiry_Reference_E9,X12_00401_850->N1Loop1->PER_2->PER09
ASC_X12_850_004_010_DEFAULT_X->N1_Name_S41->FOB_F.O.B._Related_Instructions_S49->_146_Shipment_Method_of_Payment_E1,X12_00401_850->N1Loop1->FOB_2->FOB01
ASC_X12_850_004_010_DEFAULT_X->N1_Name_S41->FOB_F.O.B._Related_Instructions_S49->_309_Location_Qualifier_E2,X12_00401_850->N1Loop1->FOB_2->FOB02
ASC_X12_850_004_010_DEFAULT_X->N1_Name_S41->FOB_F.O.B._Related_Instructions_S49->_352_Description_E3,X12_00401_850->N1Loop1->FOB_2->FOB03
ASC_X12_850_004_010_DEFAULT_X->N1_Name_S41->FOB_F.O.B._Related_Instructions_S49->_334_Transportation_Terms_Qualifier_Code_E4,X12_00401_850->N1Loop1->FOB_2->FOB04
ASC_X12_850_004_010_DEFAULT_X->N1_Name_S41->FOB_F.O.B._Related_Instructions_S49->_335_Transportation_Terms_Code_E5,X12_00401_850->N1Loop1->FOB_2->FOB05
ASC_X12_850_004_010_DEFAULT_X->N1_Name_S41->FOB_F.O.B._Related_Instructions_S49->_309_Location_Qualifier_E6,X12_00401_850->N1Loop1->FOB_2->FOB06
ASC_X12_850_004_010_DEFAULT_X->N1_Name_S41->FOB_F.O.B._Related_Instructions_S49->_352_Description_E7,X12_00401_850->N1Loop1->FOB_2->FOB07
ASC_X12_850_004_010_DEFAULT_X->N1_Name_S41->FOB_F.O.B._Related_Instructions_S49->_54_Risk_of_Loss_Code_E8,X12_00401_850->N1Loop1->FOB_2->FOB08
ASC_X12_850_004_010_DEFAULT_X->N1_Name_S41->FOB_F.O.B._Related_Instructions_S49->_352_Description_E9,X12_00401_850->N1Loop1->FOB_2->FOB09
ASC_X12_850_004_010_DEFAULT_X->N1_Name_S41->TD1_Carrier_Details__Quantity_and_Weigh_S50->_103_Packaging_Code_E1,X12_00401_850->N1Loop1->TD1_2->TD101
ASC_X12_850_004_010_DEFAULT_X->N1_Name_S41->TD1_Carrier_Details__Quantity_and_Weigh_S50->_80_Lading_Quantity_E2,X12_00401_850->N1Loop1->TD1_2->TD102
ASC_X12_850_004_010_DEFAULT_X->N1_Name_S41->TD1_Carrier_Details__Quantity_and_Weigh_S50->_23_Commodity_Code_Qualifier_E3,X12_00401_850->N1Loop1->TD1_2->TD103
ASC_X12_850_004_010_DEFAULT_X->N1_Name_S41->TD1_Carrier_Details__Quantity_and_Weigh_S50->_22_Commodity_Code_E4,X12_00401_850->N1Loop1->TD1_2->TD104
ASC_X12_850_004_010_DEFAULT_X->N1_Name_S41->TD1_Carrier_Details__Quantity_and_Weigh_S50->_79_Lading_Description_E5,X12_00401_850->N1Loop1->TD1_2->TD105
ASC_X12_850_004_010_DEFAULT_X->N1_Name_S41->TD1_Carrier_Details__Quantity_and_Weigh_S50->_187_Weight_Qualifier_E6,X12_00401_850->N1Loop1->TD1_2->TD106
ASC_X12_850_004_010_DEFAULT_X->N1_Name_S41->TD1_Carrier_Details__Quantity_and_Weigh_S50->_81_Weight_E7,X12_00401_850->N1Loop1->TD1_2->TD107
ASC_X12_850_004_010_DEFAULT_X->N1_Name_S41->TD1_Carrier_Details__Quantity_and_Weigh_S50->_355_Unit_or_Basis_for_Measurement_Code_E8,X12_00401_850->N1Loop1->TD1_2->TD108
ASC_X12_850_004_010_DEFAULT_X->N1_Name_S41->TD1_Carrier_Details__Quantity_and_Weigh_S50->_183_Volume_E9,X12_00401_850->N1Loop1->TD1_2->TD109
ASC_X12_850_004_010_DEFAULT_X->N1_Name_S41->TD1_Carrier_Details__Quantity_and_Weigh_S50->_355_Unit_or_Basis_for_Measurement_Code_E10,X12_00401_850->N1Loop1->TD1_2->TD110
ASC_X12_850_004_010_DEFAULT_X->N1_Name_S41->TD5_Carrier_Details__Routing_Sequence_T_S51->_133_Routing_Sequence_Code_E1,X12_00401_850->N1Loop1->TD5_2->TD501
ASC_X12_850_004_010_DEFAULT_X->N1_Name_S41->TD5_Carrier_Details__Routing_Sequence_T_S51->_66_Identification_Code_Qualifier_E2,X12_00401_850->N1Loop1->TD5_2->TD502
ASC_X12_850_004_010_DEFAULT_X->N1_Name_S41->TD5_Carrier_Details__Routing_Sequence_T_S51->_67_Identification_Code_E3,X12_00401_850->N1Loop1->TD5_2->TD503
ASC_X12_850_004_010_DEFAULT_X->N1_Name_S41->TD5_Carrier_Details__Routing_Sequence_T_S51->_91_Transportation_Method_Type_Code_E4,X12_00401_850->N1Loop1->TD5_2->TD504
ASC_X12_850_004_010_DEFAULT_X->SAC_Service__Promotion__Allowance__or_C_S11->_248_Allowance_or_Charge_Indicator_E1,X12_00401_850->SACLoop1->SAC->SAC01
ASC_X12_850_004_010_DEFAULT_X->N9_Reference_Identification_S38->_369_Free-form_Description_E3,X12_00401_850->N9Loop1->N9->N903
ASC_X12_850_004_010_DEFAULT_X->N1_Name_S41,X12_00401_850->N1Loop1
ASC_X12_850_004_010_DEFAULT_X->N1_Name_S41->N2_Additional_Name_Information_S42,X12_00401_850->N1Loop1->N2
ASC_X12_850_004_010_DEFAULT_X->N1_Name_S41->N2_Additional_Name_Information_S42,X12_00401_850->N1Loop1->N2
ASC_X12_850_004_010_DEFAULT_X->N1_Name_S41->N3_Address_Information_S43,X12_00401_850->N1Loop1->N3
ASC_X12_850_004_010_DEFAULT_X->N1_Name_S41->N3_Address_Information_S43,X12_00401_850->N1Loop1->N3
ASC_X12_850_004_010_DEFAULT_X->N1_Name_S41->N4_Geographic_Location_S44,X12_00401_850->N1Loop1->N4
ASC_X12_850_004_010_DEFAULT_X->N1_Name_S41->REF_Reference_Identification__REF__S46,X12_00401_850->N1Loop1->REF_3
ASC_X12_850_004_010_DEFAULT_X->N1_Name_S41->PER_Administrative_Communications_Conta_S47,X12_00401_850->N1Loop1->PER_2
ASC_X12_850_004_010_DEFAULT_X->N1_Name_S41->FOB_F.O.B._Related_Instructions_S49,X12_00401_850->N1Loop1->FOB_2
ASC_X12_850_004_010_DEFAULT_X->N1_Name_S41->TD1_Carrier_Details__Quantity_and_Weigh_S50,X12_00401_850->N1Loop1->TD1_2
ASC_X12_850_004_010_DEFAULT_X->N1_Name_S41->TD5_Carrier_Details__Routing_Sequence_T_S51,X12_00401_850->N1Loop1->TD5_2
ASC_X12_850_004_010_DEFAULT_X->N1_Name_S41->TD3_Carrier_Details__Equipment__S52,X12_00401_850->N1Loop1->TD3_2
ASC_X12_850_004_010_DEFAULT_X->N1_Name_S41->TD4_Carrier_Details__Special_Handling__S53,X12_00401_850->N1Loop1->TD4_2
ASC_X12_850_004_010_DEFAULT_X->ITD_Terms_of_Sale_Deferred_Terms_of_Sal_S13->_338_Terms_Discount_Percent_E3,X12_00401_850->ITD->ITD03
ASC_X12_850_004_010_DEFAULT_X->ITD_Terms_of_Sale_Deferred_Terms_of_Sal_S13->_338_Terms_Discount_Percent_E3,X12_00401_850->ITD->ITD03
ASC_X12_850_004_010_DEFAULT_X->SAC_Service__Promotion__Allowance__or_C_S11->_610_Amount_E5,X12_00401_850->SACLoop1->SAC->SAC05
ASC_X12_850_004_010_DEFAULT_X->SAC_Service__Promotion__Allowance__or_C_S11->_610_Amount_E5,X12_00401_850->SACLoop1->SAC->SAC05
ASC_X12_850_004_010_DEFAULT_X->N9_Reference_Identification_S38->_128_Reference_Identification_Qualifier_E7_COMP,X12_00401_850->N9Loop1->N9->C040_3
ASC_X12_850_004_010_DEFAULT_X->N9_Reference_Identification_S38->DTM_Date_Time_Reference_S39,X12_00401_850->N9Loop1->DTM_3
ASC_X12_850_004_010_DEFAULT_X->N1_Name_S41->REF_Reference_Identification__REF__S46->_128_Reference_Identification_Qualifier_E4_COMP,X12_00401_850->N1Loop1->REF_3->C040_4
ASC_X12_850_004_010_DEFAULT_X->ADV_Advertising_Demographic_Information_S73,X12_00401_850->ADVLoop1
ASC_X12_850_004_010_DEFAULT_X->SPI_Specification_Identifier_S57->CB1_Contract_and_Cost_Accounting_Standa_S68,X12_00401_850->SPILoop1->CB1Loop1
ASC_X12_850_004_010_DEFAULT_X->SPI_Specification_Identifier_S57,X12_00401_850->SPILoop1
ASC_X12_850_004_010_DEFAULT_X->LM_Code_Source_Information_S55,X12_00401_850->LMLoop1
ASC_X12_850_004_010_DEFAULT_X->CSH_Sales_Requirements_S9->_306_Action_Code_E2,X12_00401_850->CSH->CSH02
ASC_X12_850_004_010_DEFAULT_X->CSH_Sales_Requirements_S9->_610_Amount_E3,X12_00401_850->CSH->CSH03
ASC_X12_850_004_010_DEFAULT_X->CSH_Sales_Requirements_S9->_508_Account_Number_E4,X12_00401_850->CSH->CSH04
ASC_X12_850_004_010_DEFAULT_X->CSH_Sales_Requirements_S9->_373_Date_E5,X12_00401_850->CSH->CSH05
ASC_X12_850_004_010_DEFAULT_X->CSH_Sales_Requirements_S9->_559_Agency_Qualifier_Code_E6,X12_00401_850->CSH->CSH06
ASC_X12_850_004_010_DEFAULT_X->CSH_Sales_Requirements_S9->_560_Special_Services_Code_E7,X12_00401_850->CSH->CSH07
ASC_X12_850_004_010_DEFAULT_X->CSH_Sales_Requirements_S9->_566_Product_Service_Substitution_Code_E8,X12_00401_850->CSH->CSH08
ASC_X12_850_004_010_DEFAULT_X->CSH_Sales_Requirements_S9->_954_Percent__954__E9,X12_00401_850->CSH->CSH09
ASC_X12_850_004_010_DEFAULT_X->CSH_Sales_Requirements_S9->_1004_Percent_Qualifier_E10,X12_00401_850->CSH->CSH10
ASC_X12_850_004_010_DEFAULT_X->PO1_Baseline_Item_Data__PO1__S76->_350_Assigned_Identification_E1,X12_00401_850->PO1Loop1->PO1->PO101
ASC_X12_850_004_010_DEFAULT_X->PO1_Baseline_Item_Data__PO1__S76->_330_Quantity_Ordered_E2,X12_00401_850->PO1Loop1->PO1->PO102
ASC_X12_850_004_010_DEFAULT_X->PO1_Baseline_Item_Data__PO1__S76->_355_Unit_or_Basis_for_Measurement_Code_E3,X12_00401_850->PO1Loop1->PO1->PO103
ASC_X12_850_004_010_DEFAULT_X->PO1_Baseline_Item_Data__PO1__S76->_639_Basis_of_Unit_Price_Code_E5,X12_00401_850->PO1Loop1->PO1->PO105
ASC_X12_850_004_010_DEFAULT_X->PO1_Baseline_Item_Data__PO1__S76->TD5_Carrier_Details__Routing_Sequence_T_S107->_133_Routing_Sequence_Code_E1,X12_00401_850->PO1Loop1->TD5_3->TD501
ASC_X12_850_004_010_DEFAULT_X->PO1_Baseline_Item_Data__PO1__S76->TD5_Carrier_Details__Routing_Sequence_T_S107->_66_Identification_Code_Qualifier_E2,X12_00401_850->PO1Loop1->TD5_3->TD502
ASC_X12_850_004_010_DEFAULT_X->PO1_Baseline_Item_Data__PO1__S76->TD5_Carrier_Details__Routing_Sequence_T_S107->_67_Identification_Code_E3,X12_00401_850->PO1Loop1->TD5_3->TD503
ASC_X12_850_004_010_DEFAULT_X->PO1_Baseline_Item_Data__PO1__S76->TD5_Carrier_Details__Routing_Sequence_T_S107->_91_Transportation_Method_Type_Code_E4,X12_00401_850->PO1Loop1->TD5_3->TD504
ASC_X12_850_004_010_DEFAULT_X->PO1_Baseline_Item_Data__PO1__S76->TD5_Carrier_Details__Routing_Sequence_T_S107->_387_Routing_E5,X12_00401_850->PO1Loop1->TD5_3->TD505
ASC_X12_850_004_010_DEFAULT_X->PO1_Baseline_Item_Data__PO1__S76->TD5_Carrier_Details__Routing_Sequence_T_S107->_368_Shipment_Order_Status_Code_E6,X12_00401_850->PO1Loop1->TD5_3->TD506
ASC_X12_850_004_010_DEFAULT_X->PO1_Baseline_Item_Data__PO1__S76->TD5_Carrier_Details__Routing_Sequence_T_S107->_309_Location_Qualifier_E7,X12_00401_850->PO1Loop1->TD5_3->TD507
ASC_X12_850_004_010_DEFAULT_X->PO1_Baseline_Item_Data__PO1__S76->TD5_Carrier_Details__Routing_Sequence_T_S107->_310_Location_Identifier_E8,X12_00401_850->PO1Loop1->TD5_3->TD508
ASC_X12_850_004_010_DEFAULT_X->PO1_Baseline_Item_Data__PO1__S76->TD5_Carrier_Details__Routing_Sequence_T_S107->_731_Transit_Direction_Code_E9,X12_00401_850->PO1Loop1->TD5_3->TD509
ASC_X12_850_004_010_DEFAULT_X->PO1_Baseline_Item_Data__PO1__S76->TD5_Carrier_Details__Routing_Sequence_T_S107->_732_Transit_Time_Direction_Qualifier_E10,X12_00401_850->PO1Loop1->TD5_3->TD510
ASC_X12_850_004_010_DEFAULT_X->PO1_Baseline_Item_Data__PO1__S76->TD5_Carrier_Details__Routing_Sequence_T_S107->_733_Transit_Time_E11,X12_00401_850->PO1Loop1->TD5_3->TD511
ASC_X12_850_004_010_DEFAULT_X->PO1_Baseline_Item_Data__PO1__S76->TD5_Carrier_Details__Routing_Sequence_T_S107->_284_Service_Level_Code_E12,X12_00401_850->PO1Loop1->TD5_3->TD512
ASC_X12_850_004_010_DEFAULT_X->PO1_Baseline_Item_Data__PO1__S76->TD5_Carrier_Details__Routing_Sequence_T_S107->_284_Service_Level_Code_E13,X12_00401_850->PO1Loop1->TD5_3->TD513
ASC_X12_850_004_010_DEFAULT_X->PO1_Baseline_Item_Data__PO1__S76->TD5_Carrier_Details__Routing_Sequence_T_S107->_284_Service_Level_Code_E14,X12_00401_850->PO1Loop1->TD5_3->TD514
ASC_X12_850_004_010_DEFAULT_X->PO1_Baseline_Item_Data__PO1__S76->TD5_Carrier_Details__Routing_Sequence_T_S107->_26_Country_Code_E15,X12_00401_850->PO1Loop1->TD5_3->TD515
ASC_X12_850_004_010_DEFAULT_X->PO1_Baseline_Item_Data__PO1__S76->SCH_Line_Item_Schedule_S118->_380_Quantity_E1,X12_00401_850->PO1Loop1->SCHLoop1->SCH->SCH01
ASC_X12_850_004_010_DEFAULT_X->PO1_Baseline_Item_Data__PO1__S76->SCH_Line_Item_Schedule_S118->_355_Unit_or_Basis_for_Measurement_Code_E2,X12_00401_850->PO1Loop1->SCHLoop1->SCH->SCH02
ASC_X12_850_004_010_DEFAULT_X->PO1_Baseline_Item_Data__PO1__S76->SCH_Line_Item_Schedule_S118->_98_Entity_Identifier_Code_E3,X12_00401_850->PO1Loop1->SCHLoop1->SCH->SCH03
ASC_X12_850_004_010_DEFAULT_X->PO1_Baseline_Item_Data__PO1__S76->SCH_Line_Item_Schedule_S118->_93_Name_E4,X12_00401_850->PO1Loop1->SCHLoop1->SCH->SCH04
ASC_X12_850_004_010_DEFAULT_X->PO1_Baseline_Item_Data__PO1__S76->SCH_Line_Item_Schedule_S118->_374_Date_Time_Qualifier_E5,X12_00401_850->PO1Loop1->SCHLoop1->SCH->SCH05
ASC_X12_850_004_010_DEFAULT_X->PO1_Baseline_Item_Data__PO1__S76->SCH_Line_Item_Schedule_S118->_337_Time_E7,X12_00401_850->PO1Loop1->SCHLoop1->SCH->SCH07
ASC_X12_850_004_010_DEFAULT_X->PO1_Baseline_Item_Data__PO1__S76->SCH_Line_Item_Schedule_S118->_374_Date_Time_Qualifier_E8,X12_00401_850->PO1Loop1->SCHLoop1->SCH->SCH08
ASC_X12_850_004_010_DEFAULT_X->PO1_Baseline_Item_Data__PO1__S76->SCH_Line_Item_Schedule_S118->_337_Time_E10,X12_00401_850->PO1Loop1->SCHLoop1->SCH->SCH10
ASC_X12_850_004_010_DEFAULT_X->PO1_Baseline_Item_Data__PO1__S76->SCH_Line_Item_Schedule_S118->_326_Request_Reference_Number_E11,X12_00401_850->PO1Loop1->SCHLoop1->SCH->SCH11
ASC_X12_850_004_010_DEFAULT_X->PO1_Baseline_Item_Data__PO1__S76->SCH_Line_Item_Schedule_S118->_350_Assigned_Identification_E12,X12_00401_850->PO1Loop1->SCHLoop1->SCH->SCH12
ASC_X12_850_004_010_DEFAULT_X->CTT_Transaction_Totals_S193->_354_Number_of_Line_Items_E1,X12_00401_850->CTTLoop1->CTT->CTT01
ASC_X12_850_004_010_DEFAULT_X->CTT_Transaction_Totals_S193->_347_Hash_Total_E2,X12_00401_850->CTTLoop1->CTT->CTT02
ASC_X12_850_004_010_DEFAULT_X->CTT_Transaction_Totals_S193->_81_Weight_E3,X12_00401_850->CTTLoop1->CTT->CTT03
ASC_X12_850_004_010_DEFAULT_X->CTT_Transaction_Totals_S193->_355_Unit_or_Basis_for_Measurement_Code_E4,X12_00401_850->CTTLoop1->CTT->CTT04
ASC_X12_850_004_010_DEFAULT_X->CTT_Transaction_Totals_S193->_183_Volume_E5,X12_00401_850->CTTLoop1->CTT->CTT05
ASC_X12_850_004_010_DEFAULT_X->CTT_Transaction_Totals_S193->_355_Unit_or_Basis_for_Measurement_Code_E6,X12_00401_850->CTTLoop1->CTT->CTT06
ASC_X12_850_004_010_DEFAULT_X->CTT_Transaction_Totals_S193->_352_Description_E7,X12_00401_850->CTTLoop1->CTT->CTT07
ASC_X12_850_004_010_DEFAULT_X->CTT_Transaction_Totals_S193->AMT_Monetary_Amount_S194->_522_Amount_Qualifier_Code_E1,X12_00401_850->CTTLoop1->AMT_3->AMT01
ASC_X12_850_004_010_DEFAULT_X->CTT_Transaction_Totals_S193->AMT_Monetary_Amount_S194->_782_Monetary_Amount_E2,X12_00401_850->CTTLoop1->AMT_3->AMT02
ASC_X12_850_004_010_DEFAULT_X->CTT_Transaction_Totals_S193->AMT_Monetary_Amount_S194->_478_Credit_Debit_Flag_Code_E3,X12_00401_850->CTTLoop1->AMT_3->AMT03
ASC_X12_850_004_010_DEFAULT_X->PO1_Baseline_Item_Data__PO1__S76,X12_00401_850->PO1Loop1
ASC_X12_850_004_010_DEFAULT_X->PO1_Baseline_Item_Data__PO1__S76->DTM_Date_Time_Reference_S104->_374_Date_Time_Qualifier_E1,X12_00401_850->PO1Loop1->DTM_7->DTM01
ASC_X12_850_004_010_DEFAULT_X->PO1_Baseline_Item_Data__PO1__S76->DTM_Date_Time_Reference_S104->_337_Time_E3,X12_00401_850->PO1Loop1->DTM_7->DTM03
ASC_X12_850_004_010_DEFAULT_X->PO1_Baseline_Item_Data__PO1__S76->SAC_Service__Promotion__Allowance__or_C_S92->_248_Allowance_or_Charge_Indicator_E1,X12_00401_850->PO1Loop1->SACLoop2->SAC_2->SAC01
ASC_X12_850_004_010_DEFAULT_X->PO1_Baseline_Item_Data__PO1__S76->SAC_Service__Promotion__Allowance__or_C_S92->_1300_Service__Promotion__Allowance__or_C_E2,X12_00401_850->PO1Loop1->SACLoop2->SAC_2->SAC02
ASC_X12_850_004_010_DEFAULT_X->PO1_Baseline_Item_Data__PO1__S76->SAC_Service__Promotion__Allowance__or_C_S92->_559_Agency_Qualifier_Code_E3,X12_00401_850->PO1Loop1->SACLoop2->SAC_2->SAC03
ASC_X12_850_004_010_DEFAULT_X->PO1_Baseline_Item_Data__PO1__S76->SAC_Service__Promotion__Allowance__or_C_S92->_1301_Agency_Service__Promotion__Allowanc_E4,X12_00401_850->PO1Loop1->SACLoop2->SAC_2->SAC04
ASC_X12_850_004_010_DEFAULT_X->PO1_Baseline_Item_Data__PO1__S76->SAC_Service__Promotion__Allowance__or_C_S92->_378_Allowance_Charge_Percent_Qualifier_E6,X12_00401_850->PO1Loop1->SACLoop2->SAC_2->SAC06
ASC_X12_850_004_010_DEFAULT_X->PO1_Baseline_Item_Data__PO1__S76->SAC_Service__Promotion__Allowance__or_C_S92->_332_Percent_E7,X12_00401_850->PO1Loop1->SACLoop2->SAC_2->SAC07
ASC_X12_850_004_010_DEFAULT_X->PO1_Baseline_Item_Data__PO1__S76->SAC_Service__Promotion__Allowance__or_C_S92->_118_Rate_E8,X12_00401_850->PO1Loop1->SACLoop2->SAC_2->SAC08
ASC_X12_850_004_010_DEFAULT_X->PO1_Baseline_Item_Data__PO1__S76->SAC_Service__Promotion__Allowance__or_C_S92->_355_Unit_or_Basis_for_Measurement_Code_E9,X12_00401_850->PO1Loop1->SACLoop2->SAC_2->SAC09
ASC_X12_850_004_010_DEFAULT_X->PO1_Baseline_Item_Data__PO1__S76->SAC_Service__Promotion__Allowance__or_C_S92->_380_Quantity_E10,X12_00401_850->PO1Loop1->SACLoop2->SAC_2->SAC10
ASC_X12_850_004_010_DEFAULT_X->PO1_Baseline_Item_Data__PO1__S76->SAC_Service__Promotion__Allowance__or_C_S92->_380_Quantity_E11,X12_00401_850->PO1Loop1->SACLoop2->SAC_2->SAC11
ASC_X12_850_004_010_DEFAULT_X->PO1_Baseline_Item_Data__PO1__S76->SAC_Service__Promotion__Allowance__or_C_S92->_331_Allowance_or_Charge_Method_of_Handl_E12,X12_00401_850->PO1Loop1->SACLoop2->SAC_2->SAC12
ASC_X12_850_004_010_DEFAULT_X->PO1_Baseline_Item_Data__PO1__S76->SAC_Service__Promotion__Allowance__or_C_S92->_127_Reference_Identification_E13,X12_00401_850->PO1Loop1->SACLoop2->SAC_2->SAC13
ASC_X12_850_004_010_DEFAULT_X->PO1_Baseline_Item_Data__PO1__S76->SAC_Service__Promotion__Allowance__or_C_S92->_770_Option_Number_E14,X12_00401_850->PO1Loop1->SACLoop2->SAC_2->SAC14
ASC_X12_850_004_010_DEFAULT_X->PO1_Baseline_Item_Data__PO1__S76->SAC_Service__Promotion__Allowance__or_C_S92->_352_Description_E15,X12_00401_850->PO1Loop1->SACLoop2->SAC_2->SAC15
ASC_X12_850_004_010_DEFAULT_X->PO1_Baseline_Item_Data__PO1__S76->DTM_Date_Time_Reference_S104,X12_00401_850->PO1Loop1->DTM_7
ASC_X12_850_004_010_DEFAULT_X->PO1_Baseline_Item_Data__PO1__S76->TD5_Carrier_Details__Routing_Sequence_T_S107,X12_00401_850->PO1Loop1->TD5_3
ASC_X12_850_004_010_DEFAULT_X->PO1_Baseline_Item_Data__PO1__S76->PID_Product_Item_Description_S86->_349_Item_Description_Type_E1,X12_00401_850->PO1Loop1->PIDLoop1->PID_2->PID01
ASC_X12_850_004_010_DEFAULT_X->PO1_Baseline_Item_Data__PO1__S76->PID_Product_Item_Description_S86->_352_Description_E5,X12_00401_850->PO1Loop1->PIDLoop1->PID_2->PID05
ASC_X12_850_004_010_DEFAULT_X->PO1_Baseline_Item_Data__PO1__S76->PO4_Item_Physical_Details_S89->_356_Pack_E1,X12_00401_850->PO1Loop1->PO4->PO401
ASC_X12_850_004_010_DEFAULT_X->PO1_Baseline_Item_Data__PO1__S76->PO4_Item_Physical_Details_S89->_357_Size_E2,X12_00401_850->PO1Loop1->PO4->PO402
ASC_X12_850_004_010_DEFAULT_X->PO1_Baseline_Item_Data__PO1__S76->PO4_Item_Physical_Details_S89->_355_Unit_or_Basis_for_Measurement_Code_E3,X12_00401_850->PO1Loop1->PO4->PO403
ASC_X12_850_004_010_DEFAULT_X->PO1_Baseline_Item_Data__PO1__S76->PO4_Item_Physical_Details_S89->_103_Packaging_Code_E4,X12_00401_850->PO1Loop1->PO4->PO404
ASC_X12_850_004_010_DEFAULT_X->PO1_Baseline_Item_Data__PO1__S76->PO4_Item_Physical_Details_S89->_187_Weight_Qualifier_E5,X12_00401_850->PO1Loop1->PO4->PO405
ASC_X12_850_004_010_DEFAULT_X->PO1_Baseline_Item_Data__PO1__S76->PO4_Item_Physical_Details_S89->_384_Gross_Weight_per_Pack_E6,X12_00401_850->PO1Loop1->PO4->PO406
ASC_X12_850_004_010_DEFAULT_X->PO1_Baseline_Item_Data__PO1__S76->PO4_Item_Physical_Details_S89->_355_Unit_or_Basis_for_Measurement_Code_E7,X12_00401_850->PO1Loop1->PO4->PO407
ASC_X12_850_004_010_DEFAULT_X->PO1_Baseline_Item_Data__PO1__S76->PO4_Item_Physical_Details_S89->_385_Gross_Volume_per_Pack_E8,X12_00401_850->PO1Loop1->PO4->PO408
ASC_X12_850_004_010_DEFAULT_X->PO1_Baseline_Item_Data__PO1__S76->PO4_Item_Physical_Details_S89->_355_Unit_or_Basis_for_Measurement_Code_E9,X12_00401_850->PO1Loop1->PO4->PO409
ASC_X12_850_004_010_DEFAULT_X->PO1_Baseline_Item_Data__PO1__S76->PO4_Item_Physical_Details_S89->_82_Length_E10,X12_00401_850->PO1Loop1->PO4->PO410
ASC_X12_850_004_010_DEFAULT_X->PO1_Baseline_Item_Data__PO1__S76->PO4_Item_Physical_Details_S89->_189_Width_E11,X12_00401_850->PO1Loop1->PO4->PO411
ASC_X12_850_004_010_DEFAULT_X->PO1_Baseline_Item_Data__PO1__S76->PO4_Item_Physical_Details_S89->_65_Height_E12,X12_00401_850->PO1Loop1->PO4->PO412
ASC_X12_850_004_010_DEFAULT_X->PO1_Baseline_Item_Data__PO1__S76->PO4_Item_Physical_Details_S89->_355_Unit_or_Basis_for_Measurement_Code_E13,X12_00401_850->PO1Loop1->PO4->PO413
ASC_X12_850_004_010_DEFAULT_X->PO1_Baseline_Item_Data__PO1__S76->PO4_Item_Physical_Details_S89->_810_Inner_Pack_E14,X12_00401_850->PO1Loop1->PO4->PO414
ASC_X12_850_004_010_DEFAULT_X->PO1_Baseline_Item_Data__PO1__S76->PO4_Item_Physical_Details_S89->_752_Surface_Layer_Position_Code_E15,X12_00401_850->PO1Loop1->PO4->PO415
ASC_X12_850_004_010_DEFAULT_X->PO1_Baseline_Item_Data__PO1__S76->PO4_Item_Physical_Details_S89->_350_Assigned_Identification_E16,X12_00401_850->PO1Loop1->PO4->PO416
ASC_X12_850_004_010_DEFAULT_X->PO1_Baseline_Item_Data__PO1__S76->PO4_Item_Physical_Details_S89->_350_Assigned_Identification_E17,X12_00401_850->PO1Loop1->PO4->PO417
ASC_X12_850_004_010_DEFAULT_X->PO1_Baseline_Item_Data__PO1__S76->PO4_Item_Physical_Details_S89->_1470_Number_E18,X12_00401_850->PO1Loop1->PO4->PO418
ASC_X12_850_004_010_DEFAULT_X->PO1_Baseline_Item_Data__PO1__S76->PO4_Item_Physical_Details_S89,X12_00401_850->PO1Loop1->PO4
ASC_X12_850_004_010_DEFAULT_X->PO1_Baseline_Item_Data__PO1__S76->SAC_Service__Promotion__Allowance__or_C_S92,X12_00401_850->PO1Loop1->SACLoop2
ASC_X12_850_004_010_DEFAULT_X->PO1_Baseline_Item_Data__PO1__S76->SCH_Line_Item_Schedule_S118,X12_00401_850->PO1Loop1->SCHLoop1
ASC_X12_850_004_010_DEFAULT_X->PO1_Baseline_Item_Data__PO1__S76->DIS_Discount_Detail_S98->_653_Discount_Terms_Type_Code_E1,X12_00401_850->PO1Loop1->DIS_2->DIS01
ASC_X12_850_004_010_DEFAULT_X->PO1_Baseline_Item_Data__PO1__S76->DIS_Discount_Detail_S98->_654_Discount_Base_Qualifier_E2,X12_00401_850->PO1Loop1->DIS_2->DIS02
ASC_X12_850_004_010_DEFAULT_X->PO1_Baseline_Item_Data__PO1__S76->DIS_Discount_Detail_S98->_655_Discount_Base_Value_E3,X12_00401_850->PO1Loop1->DIS_2->DIS03
ASC_X12_850_004_010_DEFAULT_X->PO1_Baseline_Item_Data__PO1__S76->DIS_Discount_Detail_S98->_656_Discount_Control_Limit_Qualifier_E4,X12_00401_850->PO1Loop1->DIS_2->DIS04
ASC_X12_850_004_010_DEFAULT_X->PO1_Baseline_Item_Data__PO1__S76->DIS_Discount_Detail_S98->_657_Discount_Control_Limit_E5,X12_00401_850->PO1Loop1->DIS_2->DIS05
ASC_X12_850_004_010_DEFAULT_X->PO1_Baseline_Item_Data__PO1__S76->DIS_Discount_Detail_S98->_657_Discount_Control_Limit_E6,X12_00401_850->PO1Loop1->DIS_2->DIS06
ASC_X12_850_004_010_DEFAULT_X->PO1_Baseline_Item_Data__PO1__S76->DIS_Discount_Detail_S98,X12_00401_850->PO1Loop1->DIS_2
ASC_X12_850_004_010_DEFAULT_X->PO1_Baseline_Item_Data__PO1__S76->_235_Product_Service_ID_Qualifier_E6,X12_00401_850->PO1Loop1->PO1->PO106
ASC_X12_850_004_010_DEFAULT_X->PO1_Baseline_Item_Data__PO1__S76->_234_Product_Service_ID_E7,X12_00401_850->PO1Loop1->PO1->PO107
ASC_X12_850_004_010_DEFAULT_X->PO1_Baseline_Item_Data__PO1__S76->_235_Product_Service_ID_Qualifier_E8,X12_00401_850->PO1Loop1->PO1->PO108
ASC_X12_850_004_010_DEFAULT_X->PO1_Baseline_Item_Data__PO1__S76->_234_Product_Service_ID_E9,X12_00401_850->PO1Loop1->PO1->PO109
ASC_X12_850_004_010_DEFAULT_X->PO1_Baseline_Item_Data__PO1__S76->_235_Product_Service_ID_Qualifier_E10,X12_00401_850->PO1Loop1->PO1->PO110
ASC_X12_850_004_010_DEFAULT_X->PO1_Baseline_Item_Data__PO1__S76->_234_Product_Service_ID_E11,X12_00401_850->PO1Loop1->PO1->PO111
ASC_X12_850_004_010_DEFAULT_X->PO1_Baseline_Item_Data__PO1__S76->_235_Product_Service_ID_Qualifier_E12,X12_00401_850->PO1Loop1->PO1->PO112
ASC_X12_850_004_010_DEFAULT_X->PO1_Baseline_Item_Data__PO1__S76->_234_Product_Service_ID_E13,X12_00401_850->PO1Loop1->PO1->PO113
ASC_X12_850_004_010_DEFAULT_X->PO1_Baseline_Item_Data__PO1__S76->_235_Product_Service_ID_Qualifier_E14,X12_00401_850->PO1Loop1->PO1->PO114
ASC_X12_850_004_010_DEFAULT_X->PO1_Baseline_Item_Data__PO1__S76->_234_Product_Service_ID_E15,X12_00401_850->PO1Loop1->PO1->PO115
ASC_X12_850_004_010_DEFAULT_X->PO1_Baseline_Item_Data__PO1__S76->_235_Product_Service_ID_Qualifier_E16,X12_00401_850->PO1Loop1->PO1->PO116
ASC_X12_850_004_010_DEFAULT_X->PO1_Baseline_Item_Data__PO1__S76->_234_Product_Service_ID_E17,X12_00401_850->PO1Loop1->PO1->PO117
ASC_X12_850_004_010_DEFAULT_X->PO1_Baseline_Item_Data__PO1__S76->_235_Product_Service_ID_Qualifier_E18,X12_00401_850->PO1Loop1->PO1->PO118
ASC_X12_850_004_010_DEFAULT_X->PO1_Baseline_Item_Data__PO1__S76->_234_Product_Service_ID_E19,X12_00401_850->PO1Loop1->PO1->PO119
ASC_X12_850_004_010_DEFAULT_X->PO1_Baseline_Item_Data__PO1__S76->_235_Product_Service_ID_Qualifier_E20,X12_00401_850->PO1Loop1->PO1->PO120
ASC_X12_850_004_010_DEFAULT_X->PO1_Baseline_Item_Data__PO1__S76->_234_Product_Service_ID_E21,X12_00401_850->PO1Loop1->PO1->PO121
ASC_X12_850_004_010_DEFAULT_X->PO1_Baseline_Item_Data__PO1__S76->_235_Product_Service_ID_Qualifier_E22,X12_00401_850->PO1Loop1->PO1->PO122
ASC_X12_850_004_010_DEFAULT_X->PO1_Baseline_Item_Data__PO1__S76->_234_Product_Service_ID_E23,X12_00401_850->PO1Loop1->PO1->PO123
ASC_X12_850_004_010_DEFAULT_X->PO1_Baseline_Item_Data__PO1__S76->_235_Product_Service_ID_Qualifier_E24,X12_00401_850->PO1Loop1->PO1->PO124
ASC_X12_850_004_010_DEFAULT_X->PO1_Baseline_Item_Data__PO1__S76->_234_Product_Service_ID_E25,X12_00401_850->PO1Loop1->PO1->PO125
ASC_X12_850_004_010_DEFAULT_X->PO1_Baseline_Item_Data__PO1__S76->_212_Unit_Price_E4,X12_00401_850->PO1Loop1->PO1->PO104
ASC_X12_850_004_010_DEFAULT_X->PO1_Baseline_Item_Data__PO1__S76->_212_Unit_Price_E4,X12_00401_850->PO1Loop1->PO1->PO104
ASC_X12_850_004_010_DEFAULT_X->PO1_Baseline_Item_Data__PO1__S76->SAC_Service__Promotion__Allowance__or_C_S92->_610_Amount_E5,X12_00401_850->PO1Loop1->SACLoop2->SAC_2->SAC05
ASC_X12_850_004_010_DEFAULT_X->PO1_Baseline_Item_Data__PO1__S76->SAC_Service__Promotion__Allowance__or_C_S92->_610_Amount_E5,X12_00401_850->PO1Loop1->SACLoop2->SAC_2->SAC05
ASC_X12_850_004_010_DEFAULT_X->PO1_Baseline_Item_Data__PO1__S76->N9_Reference_Identification_S134,X12_00401_850->PO1Loop1->N9Loop2
ASC_X12_850_004_010_DEFAULT_X->PO1_Baseline_Item_Data__PO1__S76->N9_Reference_Identification_S134,X12_00401_850->PO1Loop1->N9Loop2->N9_2
ASC_X12_850_004_010_DEFAULT_X->PO1_Baseline_Item_Data__PO1__S76->N9_Reference_Identification_S134->_128_Reference_Identification_Qualifier_E1,X12_00401_850->PO1Loop1->N9Loop2->N9_2->N901
ASC_X12_850_004_010_DEFAULT_X->PO1_Baseline_Item_Data__PO1__S76->N9_Reference_Identification_S134->_127_Reference_Identification_E2,X12_00401_850->PO1Loop1->N9Loop2->N9_2->N902
ASC_X12_850_004_010_DEFAULT_X->PO1_Baseline_Item_Data__PO1__S76->N9_Reference_Identification_S134->_369_Free-form_Description_E3,X12_00401_850->PO1Loop1->N9Loop2->N9_2->N903
ASC_X12_850_004_010_DEFAULT_X->PO1_Baseline_Item_Data__PO1__S76->N9_Reference_Identification_S134->_373_Date_E4,X12_00401_850->PO1Loop1->N9Loop2->N9_2->N904
ASC_X12_850_004_010_DEFAULT_X->PO1_Baseline_Item_Data__PO1__S76->N9_Reference_Identification_S134->_337_Time_E5,X12_00401_850->PO1Loop1->N9Loop2->N9_2->N905
ASC_X12_850_004_010_DEFAULT_X->PO1_Baseline_Item_Data__PO1__S76->N9_Reference_Identification_S134->_623_Time_Code_E6,X12_00401_850->PO1Loop1->N9Loop2->N9_2->N906
ASC_X12_850_004_010_DEFAULT_X->PO1_Baseline_Item_Data__PO1__S76->N9_Reference_Identification_S134->_128_Reference_Identification_Qualifier_E7_COMP->_128_Reference_Identification_Qualifier_E7,X12_00401_850->PO1Loop1->N9Loop2->N9_2->C040_11->C04001
ASC_X12_850_004_010_DEFAULT_X->PO1_Baseline_Item_Data__PO1__S76->N9_Reference_Identification_S134->_128_Reference_Identification_Qualifier_E7_COMP->_127_Reference_Identification_E8,X12_00401_850->PO1Loop1->N9Loop2->N9_2->C040_11->C04002
ASC_X12_850_004_010_DEFAULT_X->PO1_Baseline_Item_Data__PO1__S76->N9_Reference_Identification_S134->_128_Reference_Identification_Qualifier_E7_COMP->_128_Reference_Identification_Qualifier_E9,X12_00401_850->PO1Loop1->N9Loop2->N9_2->C040_11->C04003
ASC_X12_850_004_010_DEFAULT_X->PO1_Baseline_Item_Data__PO1__S76->N9_Reference_Identification_S134->_128_Reference_Identification_Qualifier_E7_COMP->_127_Reference_Identification_E10,X12_00401_850->PO1Loop1->N9Loop2->N9_2->C040_11->C04004
ASC_X12_850_004_010_DEFAULT_X->PO1_Baseline_Item_Data__PO1__S76->N9_Reference_Identification_S134->_128_Reference_Identification_Qualifier_E7_COMP->_128_Reference_Identification_Qualifier_E11,X12_00401_850->PO1Loop1->N9Loop2->N9_2->C040_11->C04005
ASC_X12_850_004_010_DEFAULT_X->PO1_Baseline_Item_Data__PO1__S76->N9_Reference_Identification_S134->_128_Reference_Identification_Qualifier_E7_COMP->_127_Reference_Identification_E12,X12_00401_850->PO1Loop1->N9Loop2->N9_2->C040_11->C04006
ASC_X12_850_004_010_DEFAULT_X->PO1_Baseline_Item_Data__PO1__S76->N9_Reference_Identification_S134->DTM_Date_Time_Reference_S135->_374_Date_Time_Qualifier_E1,X12_00401_850->PO1Loop1->N9Loop2->DTM_8->DTM01
ASC_X12_850_004_010_DEFAULT_X->PO1_Baseline_Item_Data__PO1__S76->N9_Reference_Identification_S134->DTM_Date_Time_Reference_S135->_373_Date_E2,X12_00401_850->PO1Loop1->N9Loop2->DTM_8->DTM02
ASC_X12_850_004_010_DEFAULT_X->PO1_Baseline_Item_Data__PO1__S76->N9_Reference_Identification_S134->DTM_Date_Time_Reference_S135->_337_Time_E3,X12_00401_850->PO1Loop1->N9Loop2->DTM_8->DTM03
ASC_X12_850_004_010_DEFAULT_X->PO1_Baseline_Item_Data__PO1__S76->N9_Reference_Identification_S134->DTM_Date_Time_Reference_S135->_623_Time_Code_E4,X12_00401_850->PO1Loop1->N9Loop2->DTM_8->DTM04
ASC_X12_850_004_010_DEFAULT_X->PO1_Baseline_Item_Data__PO1__S76->N9_Reference_Identification_S134->DTM_Date_Time_Reference_S135->_1250_Date_Time_Period_Format_Qualifier_E5,X12_00401_850->PO1Loop1->N9Loop2->DTM_8->DTM05
ASC_X12_850_004_010_DEFAULT_X->PO1_Baseline_Item_Data__PO1__S76->N9_Reference_Identification_S134->DTM_Date_Time_Reference_S135->_1251_Date_Time_Period_E6,X12_00401_850->PO1Loop1->N9Loop2->DTM_8->DTM06
ASC_X12_850_004_010_DEFAULT_X->PO1_Baseline_Item_Data__PO1__S76->N9_Reference_Identification_S134->MEA_Measurements_S136->_737_Measurement_Reference_ID_Code_E1,X12_00401_850->PO1Loop1->N9Loop2->MEA_5->MEA01
ASC_X12_850_004_010_DEFAULT_X->PO1_Baseline_Item_Data__PO1__S76->N9_Reference_Identification_S134->MEA_Measurements_S136->_738_Measurement_Qualifier_E2,X12_00401_850->PO1Loop1->N9Loop2->MEA_5->MEA02
ASC_X12_850_004_010_DEFAULT_X->PO1_Baseline_Item_Data__PO1__S76->N9_Reference_Identification_S134->MEA_Measurements_S136->_739_Measurement_Value_E3,X12_00401_850->PO1Loop1->N9Loop2->MEA_5->MEA03
ASC_X12_850_004_010_DEFAULT_X->PO1_Baseline_Item_Data__PO1__S76->N9_Reference_Identification_S134->MEA_Measurements_S136->_740_Range_Minimum_E19,X12_00401_850->PO1Loop1->N9Loop2->MEA_5->MEA05
ASC_X12_850_004_010_DEFAULT_X->PO1_Baseline_Item_Data__PO1__S76->N9_Reference_Identification_S134->MEA_Measurements_S136->_741_Range_Maximum_E20,X12_00401_850->PO1Loop1->N9Loop2->MEA_5->MEA06
ASC_X12_850_004_010_DEFAULT_X->PO1_Baseline_Item_Data__PO1__S76->N9_Reference_Identification_S134->MEA_Measurements_S136->_935_Measurement_Significance_Code_E21,X12_00401_850->PO1Loop1->N9Loop2->MEA_5->MEA07
ASC_X12_850_004_010_DEFAULT_X->PO1_Baseline_Item_Data__PO1__S76->N9_Reference_Identification_S134->MEA_Measurements_S136->_936_Measurement_Attribute_Code_E22,X12_00401_850->PO1Loop1->N9Loop2->MEA_5->MEA08
ASC_X12_850_004_010_DEFAULT_X->PO1_Baseline_Item_Data__PO1__S76->N9_Reference_Identification_S134->MEA_Measurements_S136->_752_Surface_Layer_Position_Code_E23,X12_00401_850->PO1Loop1->N9Loop2->MEA_5->MEA09
ASC_X12_850_004_010_DEFAULT_X->PO1_Baseline_Item_Data__PO1__S76->N9_Reference_Identification_S134->MEA_Measurements_S136->_1373_Measurement_Method_or_Device_E24,X12_00401_850->PO1Loop1->N9Loop2->MEA_5->MEA10
ASC_X12_850_004_010_DEFAULT_X->PO1_Baseline_Item_Data__PO1__S76->N9_Reference_Identification_S134->MEA_Measurements_S136->_355_Unit_or_Basis_for_Measurement_Code_E4_COMP->_355_Unit_or_Basis_for_Measurement_Code_E4,X12_00401_850->PO1Loop1->N9Loop2->MEA_5->C001_14->C00101
ASC_X12_850_004_010_DEFAULT_X->PO1_Baseline_Item_Data__PO1__S76->N9_Reference_Identification_S134->MEA_Measurements_S136->_355_Unit_or_Basis_for_Measurement_Code_E4_COMP->_1018_Exponent_E5,X12_00401_850->PO1Loop1->N9Loop2->MEA_5->C001_14->C00102
ASC_X12_850_004_010_DEFAULT_X->PO1_Baseline_Item_Data__PO1__S76->N9_Reference_Identification_S134->MEA_Measurements_S136->_355_Unit_or_Basis_for_Measurement_Code_E4_COMP->_649_Multiplier_E6,X12_00401_850->PO1Loop1->N9Loop2->MEA_5->C001_14->C00103
ASC_X12_850_004_010_DEFAULT_X->PO1_Baseline_Item_Data__PO1__S76->N9_Reference_Identification_S134->MEA_Measurements_S136->_355_Unit_or_Basis_for_Measurement_Code_E4_COMP->_355_Unit_or_Basis_for_Measurement_Code_E7,X12_00401_850->PO1Loop1->N9Loop2->MEA_5->C001_14->C00104
ASC_X12_850_004_010_DEFAULT_X->PO1_Baseline_Item_Data__PO1__S76->N9_Reference_Identification_S134->MEA_Measurements_S136->_355_Unit_or_Basis_for_Measurement_Code_E4_COMP->_1018_Exponent_E8,X12_00401_850->PO1Loop1->N9Loop2->MEA_5->C001_14->C00105
ASC_X12_850_004_010_DEFAULT_X->PO1_Baseline_Item_Data__PO1__S76->N9_Reference_Identification_S134->MEA_Measurements_S136->_355_Unit_or_Basis_for_Measurement_Code_E4_COMP->_649_Multiplier_E9,X12_00401_850->PO1Loop1->N9Loop2->MEA_5->C001_14->C00106
ASC_X12_850_004_010_DEFAULT_X->PO1_Baseline_Item_Data__PO1__S76->N9_Reference_Identification_S134->MEA_Measurements_S136->_355_Unit_or_Basis_for_Measurement_Code_E4_COMP->_355_Unit_or_Basis_for_Measurement_Code_E10,X12_00401_850->PO1Loop1->N9Loop2->MEA_5->C001_14->C00107
ASC_X12_850_004_010_DEFAULT_X->PO1_Baseline_Item_Data__PO1__S76->N9_Reference_Identification_S134->MEA_Measurements_S136->_355_Unit_or_Basis_for_Measurement_Code_E4_COMP->_1018_Exponent_E11,X12_00401_850->PO1Loop1->N9Loop2->MEA_5->C001_14->C00108
ASC_X12_850_004_010_DEFAULT_X->PO1_Baseline_Item_Data__PO1__S76->N9_Reference_Identification_S134->MEA_Measurements_S136->_355_Unit_or_Basis_for_Measurement_Code_E4_COMP->_649_Multiplier_E12,X12_00401_850->PO1Loop1->N9Loop2->MEA_5->C001_14->C00109
ASC_X12_850_004_010_DEFAULT_X->PO1_Baseline_Item_Data__PO1__S76->N9_Reference_Identification_S134->MEA_Measurements_S136->_355_Unit_or_Basis_for_Measurement_Code_E4_COMP->_355_Unit_or_Basis_for_Measurement_Code_E13,X12_00401_850->PO1Loop1->N9Loop2->MEA_5->C001_14->C00110
ASC_X12_850_004_010_DEFAULT_X->PO1_Baseline_Item_Data__PO1__S76->N9_Reference_Identification_S134->MEA_Measurements_S136->_355_Unit_or_Basis_for_Measurement_Code_E4_COMP->_1018_Exponent_E14,X12_00401_850->PO1Loop1->N9Loop2->MEA_5->C001_14->C00111
ASC_X12_850_004_010_DEFAULT_X->PO1_Baseline_Item_Data__PO1__S76->N9_Reference_Identification_S134->MEA_Measurements_S136->_355_Unit_or_Basis_for_Measurement_Code_E4_COMP->_649_Multiplier_E15,X12_00401_850->PO1Loop1->N9Loop2->MEA_5->C001_14->C00112
ASC_X12_850_004_010_DEFAULT_X->PO1_Baseline_Item_Data__PO1__S76->N9_Reference_Identification_S134->MEA_Measurements_S136->_355_Unit_or_Basis_for_Measurement_Code_E4_COMP->_355_Unit_or_Basis_for_Measurement_Code_E16,X12_00401_850->PO1Loop1->N9Loop2->MEA_5->C001_14->C00113
ASC_X12_850_004_010_DEFAULT_X->PO1_Baseline_Item_Data__PO1__S76->N9_Reference_Identification_S134->MEA_Measurements_S136->_355_Unit_or_Basis_for_Measurement_Code_E4_COMP->_1018_Exponent_E17,X12_00401_850->PO1Loop1->N9Loop2->MEA_5->C001_14->C00114
ASC_X12_850_004_010_DEFAULT_X->PO1_Baseline_Item_Data__PO1__S76->N9_Reference_Identification_S134->MEA_Measurements_S136->_355_Unit_or_Basis_for_Measurement_Code_E4_COMP->_649_Multiplier_E18,X12_00401_850->PO1Loop1->N9Loop2->MEA_5->C001_14->C00115
ASC_X12_850_004_010_DEFAULT_X->PO1_Baseline_Item_Data__PO1__S76->N9_Reference_Identification_S134->MSG_Message_Text_S137->_933_Free-Form_Message_Text_E1,X12_00401_850->PO1Loop1->N9Loop2->MSG_7->MSG01
ASC_X12_850_004_010_DEFAULT_X->PO1_Baseline_Item_Data__PO1__S76->N9_Reference_Identification_S134->MSG_Message_Text_S137->_934_Printer_Carriage_Control_Code_E2,X12_00401_850->PO1Loop1->N9Loop2->MSG_7->MSG02
ASC_X12_850_004_010_DEFAULT_X->PO1_Baseline_Item_Data__PO1__S76->N9_Reference_Identification_S134->MSG_Message_Text_S137->_1470_Number_E3,X12_00401_850->PO1Loop1->N9Loop2->MSG_7->MSG03
ASC_X12_850_004_010_DEFAULT_X->PO1_Baseline_Item_Data__PO1__S76->N9_Reference_Identification_S134->DTM_Date_Time_Reference_S135,X12_00401_850->PO1Loop1->N9Loop2->DTM_8
ASC_X12_850_004_010_DEFAULT_X->PO1_Baseline_Item_Data__PO1__S76->N9_Reference_Identification_S134->MEA_Measurements_S136,X12_00401_850->PO1Loop1->N9Loop2->MEA_5
ASC_X12_850_004_010_DEFAULT_X->PO1_Baseline_Item_Data__PO1__S76->N9_Reference_Identification_S134->MEA_Measurements_S136->_355_Unit_or_Basis_for_Measurement_Code_E4_COMP,X12_00401_850->PO1Loop1->N9Loop2->MEA_5->C001_14
ASC_X12_850_004_010_DEFAULT_X->PO1_Baseline_Item_Data__PO1__S76->N9_Reference_Identification_S134->MSG_Message_Text_S137,X12_00401_850->PO1Loop1->N9Loop2->MSG_7
ASC_X12_850_004_010_DEFAULT_X->PO1_Baseline_Item_Data__PO1__S76->N9_Reference_Identification_S134->MSG_Message_Text_S137,X12_00401_850->PO1Loop1->N9Loop2->MSG_7
ASC_X12_850_004_010_DEFAULT_X->PO1_Baseline_Item_Data__PO1__S76->N9_Reference_Identification_S134->_128_Reference_Identification_Qualifier_E7_COMP,X12_00401_850->PO1Loop1->N9Loop2->N9_2->C040_11
ASC_X12_850_004_010_DEFAULT_X->PO1_Baseline_Item_Data__PO1__S76->PID_Product_Item_Description_S86,X12_00401_850->PO1Loop1->PIDLoop1
ASC_X12_850_004_010_DEFAULT_X->PO1_Baseline_Item_Data__PO1__S76->PID_Product_Item_Description_S86->_750_Product_Process_Characteristic_Code_E2,X12_00401_850->PO1Loop1->PIDLoop1->PID_2->PID02
ASC_X12_850_004_010_DEFAULT_X->PO1_Baseline_Item_Data__PO1__S76->PID_Product_Item_Description_S86->_559_Agency_Qualifier_Code_E3,X12_00401_850->PO1Loop1->PIDLoop1->PID_2->PID03
ASC_X12_850_004_010_DEFAULT_X->PO1_Baseline_Item_Data__PO1__S76->PID_Product_Item_Description_S86->_751_Product_Description_Code_E4,X12_00401_850->PO1Loop1->PIDLoop1->PID_2->PID04
ASC_X12_850_004_010_DEFAULT_X->PO1_Baseline_Item_Data__PO1__S76->PID_Product_Item_Description_S86->_752_Surface_Layer_Position_Code_E6,X12_00401_850->PO1Loop1->PIDLoop1->PID_2->PID06
ASC_X12_850_004_010_DEFAULT_X->PO1_Baseline_Item_Data__PO1__S76->PID_Product_Item_Description_S86->_822_Source_Subqualifier_E7,X12_00401_850->PO1Loop1->PIDLoop1->PID_2->PID07
ASC_X12_850_004_010_DEFAULT_X->PO1_Baseline_Item_Data__PO1__S76->PID_Product_Item_Description_S86->_1073_Yes_No_Condition_or_Response_Code_E8,X12_00401_850->PO1Loop1->PIDLoop1->PID_2->PID08
ASC_X12_850_004_010_DEFAULT_X->PO1_Baseline_Item_Data__PO1__S76->PID_Product_Item_Description_S86->_819_Language_Code_E9,X12_00401_850->PO1Loop1->PIDLoop1->PID_2->PID09
ASC_X12_850_004_010_DEFAULT_X->PO1_Baseline_Item_Data__PO1__S76->PID_Product_Item_Description_S86->MEA_Measurements_S87->_737_Measurement_Reference_ID_Code_E1,X12_00401_850->PO1Loop1->PIDLoop1->MEA_3->MEA01
ASC_X12_850_004_010_DEFAULT_X->PO1_Baseline_Item_Data__PO1__S76->PID_Product_Item_Description_S86->MEA_Measurements_S87->_738_Measurement_Qualifier_E2,X12_00401_850->PO1Loop1->PIDLoop1->MEA_3->MEA02
ASC_X12_850_004_010_DEFAULT_X->PO1_Baseline_Item_Data__PO1__S76->PID_Product_Item_Description_S86->MEA_Measurements_S87->_739_Measurement_Value_E3,X12_00401_850->PO1Loop1->PIDLoop1->MEA_3->MEA03
ASC_X12_850_004_010_DEFAULT_X->PO1_Baseline_Item_Data__PO1__S76->PID_Product_Item_Description_S86->MEA_Measurements_S87->_355_Unit_or_Basis_for_Measurement_Code_E4_COMP->_355_Unit_or_Basis_for_Measurement_Code_E4,X12_00401_850->PO1Loop1->PIDLoop1->MEA_3->C001_8->C00101
ASC_X12_850_004_010_DEFAULT_X->PO1_Baseline_Item_Data__PO1__S76->PID_Product_Item_Description_S86->MEA_Measurements_S87->_355_Unit_or_Basis_for_Measurement_Code_E4_COMP->_1018_Exponent_E5,X12_00401_850->PO1Loop1->PIDLoop1->MEA_3->C001_8->C00102
ASC_X12_850_004_010_DEFAULT_X->PO1_Baseline_Item_Data__PO1__S76->PID_Product_Item_Description_S86->MEA_Measurements_S87->_355_Unit_or_Basis_for_Measurement_Code_E4_COMP->_649_Multiplier_E6,X12_00401_850->PO1Loop1->PIDLoop1->MEA_3->C001_8->C00103
ASC_X12_850_004_010_DEFAULT_X->PO1_Baseline_Item_Data__PO1__S76->PID_Product_Item_Description_S86->MEA_Measurements_S87->_355_Unit_or_Basis_for_Measurement_Code_E4_COMP->_355_Unit_or_Basis_for_Measurement_Code_E7,X12_00401_850->PO1Loop1->PIDLoop1->MEA_3->C001_8->C00104
ASC_X12_850_004_010_DEFAULT_X->PO1_Baseline_Item_Data__PO1__S76->PID_Product_Item_Description_S86->MEA_Measurements_S87->_355_Unit_or_Basis_for_Measurement_Code_E4_COMP->_1018_Exponent_E8,X12_00401_850->PO1Loop1->PIDLoop1->MEA_3->C001_8->C00105
ASC_X12_850_004_010_DEFAULT_X->PO1_Baseline_Item_Data__PO1__S76->PID_Product_Item_Description_S86->MEA_Measurements_S87->_355_Unit_or_Basis_for_Measurement_Code_E4_COMP->_649_Multiplier_E9,X12_00401_850->PO1Loop1->PIDLoop1->MEA_3->C001_8->C00106
ASC_X12_850_004_010_DEFAULT_X->PO1_Baseline_Item_Data__PO1__S76->PID_Product_Item_Description_S86->MEA_Measurements_S87->_355_Unit_or_Basis_for_Measurement_Code_E4_COMP->_355_Unit_or_Basis_for_Measurement_Code_E10,X12_00401_850->PO1Loop1->PIDLoop1->MEA_3->C001_8->C00107
ASC_X12_850_004_010_DEFAULT_X->PO1_Baseline_Item_Data__PO1__S76->PID_Product_Item_Description_S86->MEA_Measurements_S87->_355_Unit_or_Basis_for_Measurement_Code_E4_COMP->_1018_Exponent_E11,X12_00401_850->PO1Loop1->PIDLoop1->MEA_3->C001_8->C00108
ASC_X12_850_004_010_DEFAULT_X->PO1_Baseline_Item_Data__PO1__S76->PID_Product_Item_Description_S86->MEA_Measurements_S87->_355_Unit_or_Basis_for_Measurement_Code_E4_COMP->_649_Multiplier_E12,X12_00401_850->PO1Loop1->PIDLoop1->MEA_3->C001_8->C00109
ASC_X12_850_004_010_DEFAULT_X->PO1_Baseline_Item_Data__PO1__S76->PID_Product_Item_Description_S86->MEA_Measurements_S87->_355_Unit_or_Basis_for_Measurement_Code_E4_COMP->_355_Unit_or_Basis_for_Measurement_Code_E13,X12_00401_850->PO1Loop1->PIDLoop1->MEA_3->C001_8->C00110
ASC_X12_850_004_010_DEFAULT_X->PO1_Baseline_Item_Data__PO1__S76->PID_Product_Item_Description_S86->MEA_Measurements_S87->_355_Unit_or_Basis_for_Measurement_Code_E4_COMP->_1018_Exponent_E14,X12_00401_850->PO1Loop1->PIDLoop1->MEA_3->C001_8->C00111
ASC_X12_850_004_010_DEFAULT_X->PO1_Baseline_Item_Data__PO1__S76->PID_Product_Item_Description_S86->MEA_Measurements_S87->_355_Unit_or_Basis_for_Measurement_Code_E4_COMP->_649_Multiplier_E15,X12_00401_850->PO1Loop1->PIDLoop1->MEA_3->C001_8->C00112
ASC_X12_850_004_010_DEFAULT_X->PO1_Baseline_Item_Data__PO1__S76->PID_Product_Item_Description_S86->MEA_Measurements_S87->_355_Unit_or_Basis_for_Measurement_Code_E4_COMP->_355_Unit_or_Basis_for_Measurement_Code_E16,X12_00401_850->PO1Loop1->PIDLoop1->MEA_3->C001_8->C00113
ASC_X12_850_004_010_DEFAULT_X->PO1_Baseline_Item_Data__PO1__S76->PID_Product_Item_Description_S86->MEA_Measurements_S87->_355_Unit_or_Basis_for_Measurement_Code_E4_COMP->_1018_Exponent_E17,X12_00401_850->PO1Loop1->PIDLoop1->MEA_3->C001_8->C00114
ASC_X12_850_004_010_DEFAULT_X->PO1_Baseline_Item_Data__PO1__S76->PID_Product_Item_Description_S86->MEA_Measurements_S87->_355_Unit_or_Basis_for_Measurement_Code_E4_COMP->_649_Multiplier_E18,X12_00401_850->PO1Loop1->PIDLoop1->MEA_3->C001_8->C00115
ASC_X12_850_004_010_DEFAULT_X->PO1_Baseline_Item_Data__PO1__S76->PID_Product_Item_Description_S86->MEA_Measurements_S87->_740_Range_Minimum_E19,X12_00401_850->PO1Loop1->PIDLoop1->MEA_3->MEA05
ASC_X12_850_004_010_DEFAULT_X->PO1_Baseline_Item_Data__PO1__S76->PID_Product_Item_Description_S86->MEA_Measurements_S87->_741_Range_Maximum_E20,X12_00401_850->PO1Loop1->PIDLoop1->MEA_3->MEA06
ASC_X12_850_004_010_DEFAULT_X->PO1_Baseline_Item_Data__PO1__S76->PID_Product_Item_Description_S86->MEA_Measurements_S87->_935_Measurement_Significance_Code_E21,X12_00401_850->PO1Loop1->PIDLoop1->MEA_3->MEA07
ASC_X12_850_004_010_DEFAULT_X->PO1_Baseline_Item_Data__PO1__S76->PID_Product_Item_Description_S86->MEA_Measurements_S87->_936_Measurement_Attribute_Code_E22,X12_00401_850->PO1Loop1->PIDLoop1->MEA_3->MEA08
ASC_X12_850_004_010_DEFAULT_X->PO1_Baseline_Item_Data__PO1__S76->PID_Product_Item_Description_S86->MEA_Measurements_S87->_752_Surface_Layer_Position_Code_E23,X12_00401_850->PO1Loop1->PIDLoop1->MEA_3->MEA09
ASC_X12_850_004_010_DEFAULT_X->PO1_Baseline_Item_Data__PO1__S76->PID_Product_Item_Description_S86->MEA_Measurements_S87->_1373_Measurement_Method_or_Device_E24,X12_00401_850->PO1Loop1->PIDLoop1->MEA_3->MEA10
ASC_X12_850_004_010_DEFAULT_X->PO1_Baseline_Item_Data__PO1__S76->PID_Product_Item_Description_S86->MEA_Measurements_S87,X12_00401_850->PO1Loop1->PIDLoop1->MEA_3
ASC_X12_850_004_010_DEFAULT_X->PO1_Baseline_Item_Data__PO1__S76->PID_Product_Item_Description_S86->MEA_Measurements_S87->_355_Unit_or_Basis_for_Measurement_Code_E4_COMP,X12_00401_850->PO1Loop1->PIDLoop1->MEA_3->C001_8
ASC_X12_850_004_010_DEFAULT_X->PO1_Baseline_Item_Data__PO1__S76->SLN_Subline_Item_Detail_S160->_350_Assigned_Identification_E1,X12_00401_850->PO1Loop1->SLNLoop1->SLN->SLN01
ASC_X12_850_004_010_DEFAULT_X->PO1_Baseline_Item_Data__PO1__S76->SLN_Subline_Item_Detail_S160->_350_Assigned_Identification_E2,X12_00401_850->PO1Loop1->SLNLoop1->SLN->SLN02
ASC_X12_850_004_010_DEFAULT_X->PO1_Baseline_Item_Data__PO1__S76->SLN_Subline_Item_Detail_S160->_662_Relationship_Code_E3,X12_00401_850->PO1Loop1->SLNLoop1->SLN->SLN03
ASC_X12_850_004_010_DEFAULT_X->PO1_Baseline_Item_Data__PO1__S76->SLN_Subline_Item_Detail_S160->_380_Quantity_E4,X12_00401_850->PO1Loop1->SLNLoop1->SLN->SLN04
ASC_X12_850_004_010_DEFAULT_X->PO1_Baseline_Item_Data__PO1__S76->SLN_Subline_Item_Detail_S160->_355_Unit_or_Basis_for_Measurement_Code_E5_COMP->_355_Unit_or_Basis_for_Measurement_Code_E5,X12_00401_850->PO1Loop1->SLNLoop1->SLN->C001_17->C00101
ASC_X12_850_004_010_DEFAULT_X->PO1_Baseline_Item_Data__PO1__S76->SLN_Subline_Item_Detail_S160->_355_Unit_or_Basis_for_Measurement_Code_E5_COMP->_1018_Exponent_E6,X12_00401_850->PO1Loop1->SLNLoop1->SLN->C001_17->C00102
ASC_X12_850_004_010_DEFAULT_X->PO1_Baseline_Item_Data__PO1__S76->SLN_Subline_Item_Detail_S160->_355_Unit_or_Basis_for_Measurement_Code_E5_COMP->_649_Multiplier_E7,X12_00401_850->PO1Loop1->SLNLoop1->SLN->C001_17->C00103
ASC_X12_850_004_010_DEFAULT_X->PO1_Baseline_Item_Data__PO1__S76->SLN_Subline_Item_Detail_S160->_355_Unit_or_Basis_for_Measurement_Code_E5_COMP->_355_Unit_or_Basis_for_Measurement_Code_E8,X12_00401_850->PO1Loop1->SLNLoop1->SLN->C001_17->C00104
ASC_X12_850_004_010_DEFAULT_X->PO1_Baseline_Item_Data__PO1__S76->SLN_Subline_Item_Detail_S160->_355_Unit_or_Basis_for_Measurement_Code_E5_COMP->_1018_Exponent_E9,X12_00401_850->PO1Loop1->SLNLoop1->SLN->C001_17->C00105
ASC_X12_850_004_010_DEFAULT_X->PO1_Baseline_Item_Data__PO1__S76->SLN_Subline_Item_Detail_S160->_355_Unit_or_Basis_for_Measurement_Code_E5_COMP->_649_Multiplier_E10,X12_00401_850->PO1Loop1->SLNLoop1->SLN->C001_17->C00106
ASC_X12_850_004_010_DEFAULT_X->PO1_Baseline_Item_Data__PO1__S76->SLN_Subline_Item_Detail_S160->_355_Unit_or_Basis_for_Measurement_Code_E5_COMP->_355_Unit_or_Basis_for_Measurement_Code_E11,X12_00401_850->PO1Loop1->SLNLoop1->SLN->C001_17->C00107
ASC_X12_850_004_010_DEFAULT_X->PO1_Baseline_Item_Data__PO1__S76->SLN_Subline_Item_Detail_S160->_355_Unit_or_Basis_for_Measurement_Code_E5_COMP->_1018_Exponent_E12,X12_00401_850->PO1Loop1->SLNLoop1->SLN->C001_17->C00108
ASC_X12_850_004_010_DEFAULT_X->PO1_Baseline_Item_Data__PO1__S76->SLN_Subline_Item_Detail_S160->_355_Unit_or_Basis_for_Measurement_Code_E5_COMP->_649_Multiplier_E13,X12_00401_850->PO1Loop1->SLNLoop1->SLN->C001_17->C00109
ASC_X12_850_004_010_DEFAULT_X->PO1_Baseline_Item_Data__PO1__S76->SLN_Subline_Item_Detail_S160->_355_Unit_or_Basis_for_Measurement_Code_E5_COMP->_355_Unit_or_Basis_for_Measurement_Code_E14,X12_00401_850->PO1Loop1->SLNLoop1->SLN->C001_17->C00110
ASC_X12_850_004_010_DEFAULT_X->PO1_Baseline_Item_Data__PO1__S76->SLN_Subline_Item_Detail_S160->_355_Unit_or_Basis_for_Measurement_Code_E5_COMP->_1018_Exponent_E15,X12_00401_850->PO1Loop1->SLNLoop1->SLN->C001_17->C00111
ASC_X12_850_004_010_DEFAULT_X->PO1_Baseline_Item_Data__PO1__S76->SLN_Subline_Item_Detail_S160->_355_Unit_or_Basis_for_Measurement_Code_E5_COMP->_649_Multiplier_E16,X12_00401_850->PO1Loop1->SLNLoop1->SLN->C001_17->C00112
ASC_X12_850_004_010_DEFAULT_X->PO1_Baseline_Item_Data__PO1__S76->SLN_Subline_Item_Detail_S160->_355_Unit_or_Basis_for_Measurement_Code_E5_COMP->_355_Unit_or_Basis_for_Measurement_Code_E17,X12_00401_850->PO1Loop1->SLNLoop1->SLN->C001_17->C00113
ASC_X12_850_004_010_DEFAULT_X->PO1_Baseline_Item_Data__PO1__S76->SLN_Subline_Item_Detail_S160->_355_Unit_or_Basis_for_Measurement_Code_E5_COMP->_1018_Exponent_E18,X12_00401_850->PO1Loop1->SLNLoop1->SLN->C001_17->C00114
ASC_X12_850_004_010_DEFAULT_X->PO1_Baseline_Item_Data__PO1__S76->SLN_Subline_Item_Detail_S160->_355_Unit_or_Basis_for_Measurement_Code_E5_COMP->_649_Multiplier_E19,X12_00401_850->PO1Loop1->SLNLoop1->SLN->C001_17->C00115
ASC_X12_850_004_010_DEFAULT_X->PO1_Baseline_Item_Data__PO1__S76->SLN_Subline_Item_Detail_S160->_212_Unit_Price_E20,X12_00401_850->PO1Loop1->SLNLoop1->SLN->SLN06
ASC_X12_850_004_010_DEFAULT_X->PO1_Baseline_Item_Data__PO1__S76->SLN_Subline_Item_Detail_S160->_639_Basis_of_Unit_Price_Code_E21,X12_00401_850->PO1Loop1->SLNLoop1->SLN->SLN07
ASC_X12_850_004_010_DEFAULT_X->PO1_Baseline_Item_Data__PO1__S76->SLN_Subline_Item_Detail_S160->_662_Relationship_Code_E22,X12_00401_850->PO1Loop1->SLNLoop1->SLN->SLN08
ASC_X12_850_004_010_DEFAULT_X->PO1_Baseline_Item_Data__PO1__S76->SLN_Subline_Item_Detail_S160->_235_Product_Service_ID_Qualifier_E23,X12_00401_850->PO1Loop1->SLNLoop1->SLN->SLN09
ASC_X12_850_004_010_DEFAULT_X->PO1_Baseline_Item_Data__PO1__S76->SLN_Subline_Item_Detail_S160->_234_Product_Service_ID_E24,X12_00401_850->PO1Loop1->SLNLoop1->SLN->SLN10
ASC_X12_850_004_010_DEFAULT_X->PO1_Baseline_Item_Data__PO1__S76->SLN_Subline_Item_Detail_S160->_235_Product_Service_ID_Qualifier_E25,X12_00401_850->PO1Loop1->SLNLoop1->SLN->SLN11
ASC_X12_850_004_010_DEFAULT_X->PO1_Baseline_Item_Data__PO1__S76->SLN_Subline_Item_Detail_S160->_234_Product_Service_ID_E26,X12_00401_850->PO1Loop1->SLNLoop1->SLN->SLN12
ASC_X12_850_004_010_DEFAULT_X->PO1_Baseline_Item_Data__PO1__S76->SLN_Subline_Item_Detail_S160->_235_Product_Service_ID_Qualifier_E27,X12_00401_850->PO1Loop1->SLNLoop1->SLN->SLN13
ASC_X12_850_004_010_DEFAULT_X->PO1_Baseline_Item_Data__PO1__S76->SLN_Subline_Item_Detail_S160->_234_Product_Service_ID_E28,X12_00401_850->PO1Loop1->SLNLoop1->SLN->SLN14
ASC_X12_850_004_010_DEFAULT_X->PO1_Baseline_Item_Data__PO1__S76->SLN_Subline_Item_Detail_S160->_235_Product_Service_ID_Qualifier_E29,X12_00401_850->PO1Loop1->SLNLoop1->SLN->SLN15
ASC_X12_850_004_010_DEFAULT_X->PO1_Baseline_Item_Data__PO1__S76->SLN_Subline_Item_Detail_S160->_234_Product_Service_ID_E30,X12_00401_850->PO1Loop1->SLNLoop1->SLN->SLN16
ASC_X12_850_004_010_DEFAULT_X->PO1_Baseline_Item_Data__PO1__S76->SLN_Subline_Item_Detail_S160->_235_Product_Service_ID_Qualifier_E31,X12_00401_850->PO1Loop1->SLNLoop1->SLN->SLN17
ASC_X12_850_004_010_DEFAULT_X->PO1_Baseline_Item_Data__PO1__S76->SLN_Subline_Item_Detail_S160->_234_Product_Service_ID_E32,X12_00401_850->PO1Loop1->SLNLoop1->SLN->SLN18
ASC_X12_850_004_010_DEFAULT_X->PO1_Baseline_Item_Data__PO1__S76->SLN_Subline_Item_Detail_S160->_235_Product_Service_ID_Qualifier_E33,X12_00401_850->PO1Loop1->SLNLoop1->SLN->SLN19
ASC_X12_850_004_010_DEFAULT_X->PO1_Baseline_Item_Data__PO1__S76->SLN_Subline_Item_Detail_S160->_234_Product_Service_ID_E34,X12_00401_850->PO1Loop1->SLNLoop1->SLN->SLN20
ASC_X12_850_004_010_DEFAULT_X->PO1_Baseline_Item_Data__PO1__S76->SLN_Subline_Item_Detail_S160->_235_Product_Service_ID_Qualifier_E35,X12_00401_850->PO1Loop1->SLNLoop1->SLN->SLN21
ASC_X12_850_004_010_DEFAULT_X->PO1_Baseline_Item_Data__PO1__S76->SLN_Subline_Item_Detail_S160->_234_Product_Service_ID_E36,X12_00401_850->PO1Loop1->SLNLoop1->SLN->SLN22
ASC_X12_850_004_010_DEFAULT_X->PO1_Baseline_Item_Data__PO1__S76->SLN_Subline_Item_Detail_S160->_235_Product_Service_ID_Qualifier_E37,X12_00401_850->PO1Loop1->SLNLoop1->SLN->SLN23
ASC_X12_850_004_010_DEFAULT_X->PO1_Baseline_Item_Data__PO1__S76->SLN_Subline_Item_Detail_S160->_234_Product_Service_ID_E38,X12_00401_850->PO1Loop1->SLNLoop1->SLN->SLN24
ASC_X12_850_004_010_DEFAULT_X->PO1_Baseline_Item_Data__PO1__S76->SLN_Subline_Item_Detail_S160->_235_Product_Service_ID_Qualifier_E39,X12_00401_850->PO1Loop1->SLNLoop1->SLN->SLN25
ASC_X12_850_004_010_DEFAULT_X->PO1_Baseline_Item_Data__PO1__S76->SLN_Subline_Item_Detail_S160->_234_Product_Service_ID_E40,X12_00401_850->PO1Loop1->SLNLoop1->SLN->SLN26
ASC_X12_850_004_010_DEFAULT_X->PO1_Baseline_Item_Data__PO1__S76->SLN_Subline_Item_Detail_S160->_235_Product_Service_ID_Qualifier_E41,X12_00401_850->PO1Loop1->SLNLoop1->SLN->SLN27
ASC_X12_850_004_010_DEFAULT_X->PO1_Baseline_Item_Data__PO1__S76->SLN_Subline_Item_Detail_S160->_234_Product_Service_ID_E42,X12_00401_850->PO1Loop1->SLNLoop1->SLN->SLN28
ASC_X12_850_004_010_DEFAULT_X->PO1_Baseline_Item_Data__PO1__S76->SLN_Subline_Item_Detail_S160,X12_00401_850->PO1Loop1->SLNLoop1->SLN
ASC_X12_850_004_010_DEFAULT_X->PO1_Baseline_Item_Data__PO1__S76->SLN_Subline_Item_Detail_S160,X12_00401_850->PO1Loop1->SLNLoop1
ASC_X12_850_004_010_DEFAULT_X->PO1_Baseline_Item_Data__PO1__S76->SLN_Subline_Item_Detail_S160->_355_Unit_or_Basis_for_Measurement_Code_E5_COMP,X12_00401_850->PO1Loop1->SLNLoop1->SLN->C001_17
ASC_X12_850_004_010_DEFAULT_X->PO1_Baseline_Item_Data__PO1__S76->CTP_Pricing_Information_S82,X12_00401_850->PO1Loop1->CTPLoop1
ASC_X12_850_004_010_DEFAULT_X->PO1_Baseline_Item_Data__PO1__S76->CTP_Pricing_Information_S82->_355_Unit_or_Basis_for_Measurement_Code_E5_COMP,X12_00401_850->PO1Loop1->CTPLoop1->CTP_2->C001_5
ASC_X12_850_004_010_DEFAULT_X->PO1_Baseline_Item_Data__PO1__S76->CTP_Pricing_Information_S82->CUR_Currency__CUR__S83,X12_00401_850->PO1Loop1->CTPLoop1->CUR_4
ASC_X12_850_004_010_DEFAULT_X->PO1_Baseline_Item_Data__PO1__S76->CTP_Pricing_Information_S82->_687_Class_of_Trade_Code_E1,X12_00401_850->PO1Loop1->CTPLoop1->CTP_2->CTP01
ASC_X12_850_004_010_DEFAULT_X->PO1_Baseline_Item_Data__PO1__S76->CTP_Pricing_Information_S82->_236_Price_Identifier_Code_E2,X12_00401_850->PO1Loop1->CTPLoop1->CTP_2->CTP02
ASC_X12_850_004_010_DEFAULT_X->PO1_Baseline_Item_Data__PO1__S76->CTP_Pricing_Information_S82->_212_Unit_Price_E3,X12_00401_850->PO1Loop1->CTPLoop1->CTP_2->CTP03
ASC_X12_850_004_010_DEFAULT_X->PO1_Baseline_Item_Data__PO1__S76->CTP_Pricing_Information_S82->_380_Quantity_E4,X12_00401_850->PO1Loop1->CTPLoop1->CTP_2->CTP04
ASC_X12_850_004_010_DEFAULT_X->PO1_Baseline_Item_Data__PO1__S76->CTP_Pricing_Information_S82->_355_Unit_or_Basis_for_Measurement_Code_E5_COMP->_355_Unit_or_Basis_for_Measurement_Code_E5,X12_00401_850->PO1Loop1->CTPLoop1->CTP_2->C001_5->C00101
ASC_X12_850_004_010_DEFAULT_X->PO1_Baseline_Item_Data__PO1__S76->CTP_Pricing_Information_S82->_355_Unit_or_Basis_for_Measurement_Code_E5_COMP->_1018_Exponent_E6,X12_00401_850->PO1Loop1->CTPLoop1->CTP_2->C001_5->C00102
ASC_X12_850_004_010_DEFAULT_X->PO1_Baseline_Item_Data__PO1__S76->CTP_Pricing_Information_S82->_355_Unit_or_Basis_for_Measurement_Code_E5_COMP->_649_Multiplier_E7,X12_00401_850->PO1Loop1->CTPLoop1->CTP_2->C001_5->C00103
ASC_X12_850_004_010_DEFAULT_X->PO1_Baseline_Item_Data__PO1__S76->CTP_Pricing_Information_S82->_355_Unit_or_Basis_for_Measurement_Code_E5_COMP->_355_Unit_or_Basis_for_Measurement_Code_E8,X12_00401_850->PO1Loop1->CTPLoop1->CTP_2->C001_5->C00104
ASC_X12_850_004_010_DEFAULT_X->PO1_Baseline_Item_Data__PO1__S76->CTP_Pricing_Information_S82->_355_Unit_or_Basis_for_Measurement_Code_E5_COMP->_1018_Exponent_E9,X12_00401_850->PO1Loop1->CTPLoop1->CTP_2->C001_5->C00105
ASC_X12_850_004_010_DEFAULT_X->PO1_Baseline_Item_Data__PO1__S76->CTP_Pricing_Information_S82->_355_Unit_or_Basis_for_Measurement_Code_E5_COMP->_649_Multiplier_E10,X12_00401_850->PO1Loop1->CTPLoop1->CTP_2->C001_5->C00106
ASC_X12_850_004_010_DEFAULT_X->PO1_Baseline_Item_Data__PO1__S76->CTP_Pricing_Information_S82->_355_Unit_or_Basis_for_Measurement_Code_E5_COMP->_355_Unit_or_Basis_for_Measurement_Code_E11,X12_00401_850->PO1Loop1->CTPLoop1->CTP_2->C001_5->C00107
ASC_X12_850_004_010_DEFAULT_X->PO1_Baseline_Item_Data__PO1__S76->CTP_Pricing_Information_S82->_355_Unit_or_Basis_for_Measurement_Code_E5_COMP->_1018_Exponent_E12,X12_00401_850->PO1Loop1->CTPLoop1->CTP_2->C001_5->C00108
ASC_X12_850_004_010_DEFAULT_X->PO1_Baseline_Item_Data__PO1__S76->CTP_Pricing_Information_S82->_355_Unit_or_Basis_for_Measurement_Code_E5_COMP->_649_Multiplier_E13,X12_00401_850->PO1Loop1->CTPLoop1->CTP_2->C001_5->C00109
ASC_X12_850_004_010_DEFAULT_X->PO1_Baseline_Item_Data__PO1__S76->CTP_Pricing_Information_S82->_355_Unit_or_Basis_for_Measurement_Code_E5_COMP->_355_Unit_or_Basis_for_Measurement_Code_E14,X12_00401_850->PO1Loop1->CTPLoop1->CTP_2->C001_5->C00110
ASC_X12_850_004_010_DEFAULT_X->PO1_Baseline_Item_Data__PO1__S76->CTP_Pricing_Information_S82->_355_Unit_or_Basis_for_Measurement_Code_E5_COMP->_1018_Exponent_E15,X12_00401_850->PO1Loop1->CTPLoop1->CTP_2->C001_5->C00111
ASC_X12_850_004_010_DEFAULT_X->PO1_Baseline_Item_Data__PO1__S76->CTP_Pricing_Information_S82->_355_Unit_or_Basis_for_Measurement_Code_E5_COMP->_649_Multiplier_E16,X12_00401_850->PO1Loop1->CTPLoop1->CTP_2->C001_5->C00112
ASC_X12_850_004_010_DEFAULT_X->PO1_Baseline_Item_Data__PO1__S76->CTP_Pricing_Information_S82->_355_Unit_or_Basis_for_Measurement_Code_E5_COMP->_355_Unit_or_Basis_for_Measurement_Code_E17,X12_00401_850->PO1Loop1->CTPLoop1->CTP_2->C001_5->C00113
ASC_X12_850_004_010_DEFAULT_X->PO1_Baseline_Item_Data__PO1__S76->CTP_Pricing_Information_S82->_355_Unit_or_Basis_for_Measurement_Code_E5_COMP->_1018_Exponent_E18,X12_00401_850->PO1Loop1->CTPLoop1->CTP_2->C001_5->C00114
ASC_X12_850_004_010_DEFAULT_X->PO1_Baseline_Item_Data__PO1__S76->CTP_Pricing_Information_S82->_355_Unit_or_Basis_for_Measurement_Code_E5_COMP->_649_Multiplier_E19,X12_00401_850->PO1Loop1->CTPLoop1->CTP_2->C001_5->C00115
ASC_X12_850_004_010_DEFAULT_X->PO1_Baseline_Item_Data__PO1__S76->CTP_Pricing_Information_S82->_648_Price_Multiplier_Qualifier_E20,X12_00401_850->PO1Loop1->CTPLoop1->CTP_2->CTP06
ASC_X12_850_004_010_DEFAULT_X->PO1_Baseline_Item_Data__PO1__S76->CTP_Pricing_Information_S82->_649_Multiplier_E21,X12_00401_850->PO1Loop1->CTPLoop1->CTP_2->CTP07
ASC_X12_850_004_010_DEFAULT_X->PO1_Baseline_Item_Data__PO1__S76->CTP_Pricing_Information_S82->_782_Monetary_Amount_E22,X12_00401_850->PO1Loop1->CTPLoop1->CTP_2->CTP08
ASC_X12_850_004_010_DEFAULT_X->PO1_Baseline_Item_Data__PO1__S76->CTP_Pricing_Information_S82->_639_Basis_of_Unit_Price_Code_E23,X12_00401_850->PO1Loop1->CTPLoop1->CTP_2->CTP09
ASC_X12_850_004_010_DEFAULT_X->PO1_Baseline_Item_Data__PO1__S76->CTP_Pricing_Information_S82->_499_Condition_Value_E24,X12_00401_850->PO1Loop1->CTPLoop1->CTP_2->CTP10
ASC_X12_850_004_010_DEFAULT_X->PO1_Baseline_Item_Data__PO1__S76->CTP_Pricing_Information_S82->_289_Multiple_Price_Quantity_E25,X12_00401_850->PO1Loop1->CTPLoop1->CTP_2->CTP11
ASC_X12_850_004_010_DEFAULT_X->PO1_Baseline_Item_Data__PO1__S76->CTP_Pricing_Information_S82->CUR_Currency__CUR__S83->_98_Entity_Identifier_Code_E1,X12_00401_850->PO1Loop1->CTPLoop1->CUR_4->CUR01
ASC_X12_850_004_010_DEFAULT_X->PO1_Baseline_Item_Data__PO1__S76->CTP_Pricing_Information_S82->CUR_Currency__CUR__S83->_100_Currency_Code_E2,X12_00401_850->PO1Loop1->CTPLoop1->CUR_4->CUR02
ASC_X12_850_004_010_DEFAULT_X->PO1_Baseline_Item_Data__PO1__S76->CTP_Pricing_Information_S82->CUR_Currency__CUR__S83->_280_Exchange_Rate_E3,X12_00401_850->PO1Loop1->CTPLoop1->CUR_4->CUR03
ASC_X12_850_004_010_DEFAULT_X->PO1_Baseline_Item_Data__PO1__S76->CTP_Pricing_Information_S82->CUR_Currency__CUR__S83->_98_Entity_Identifier_Code_E4,X12_00401_850->PO1Loop1->CTPLoop1->CUR_4->CUR04
ASC_X12_850_004_010_DEFAULT_X->PO1_Baseline_Item_Data__PO1__S76->CTP_Pricing_Information_S82->CUR_Currency__CUR__S83->_100_Currency_Code_E5,X12_00401_850->PO1Loop1->CTPLoop1->CUR_4->CUR05
ASC_X12_850_004_010_DEFAULT_X->PO1_Baseline_Item_Data__PO1__S76->CTP_Pricing_Information_S82->CUR_Currency__CUR__S83->_669_Currency_Market_Exchange_Code_E6,X12_00401_850->PO1Loop1->CTPLoop1->CUR_4->CUR06
ASC_X12_850_004_010_DEFAULT_X->PO1_Baseline_Item_Data__PO1__S76->CTP_Pricing_Information_S82->CUR_Currency__CUR__S83->_374_Date_Time_Qualifier_E7,X12_00401_850->PO1Loop1->CTPLoop1->CUR_4->CUR07
ASC_X12_850_004_010_DEFAULT_X->PO1_Baseline_Item_Data__PO1__S76->CTP_Pricing_Information_S82->CUR_Currency__CUR__S83->_373_Date_E8,X12_00401_850->PO1Loop1->CTPLoop1->CUR_4->CUR08
ASC_X12_850_004_010_DEFAULT_X->PO1_Baseline_Item_Data__PO1__S76->CTP_Pricing_Information_S82->CUR_Currency__CUR__S83->_337_Time_E9,X12_00401_850->PO1Loop1->CTPLoop1->CUR_4->CUR09
ASC_X12_850_004_010_DEFAULT_X->PO1_Baseline_Item_Data__PO1__S76->CTP_Pricing_Information_S82->CUR_Currency__CUR__S83->_374_Date_Time_Qualifier_E10,X12_00401_850->PO1Loop1->CTPLoop1->CUR_4->CUR10
ASC_X12_850_004_010_DEFAULT_X->PO1_Baseline_Item_Data__PO1__S76->CTP_Pricing_Information_S82->CUR_Currency__CUR__S83->_373_Date_E11,X12_00401_850->PO1Loop1->CTPLoop1->CUR_4->CUR11
ASC_X12_850_004_010_DEFAULT_X->PO1_Baseline_Item_Data__PO1__S76->CTP_Pricing_Information_S82->CUR_Currency__CUR__S83->_337_Time_E12,X12_00401_850->PO1Loop1->CTPLoop1->CUR_4->CUR12
ASC_X12_850_004_010_DEFAULT_X->PO1_Baseline_Item_Data__PO1__S76->CTP_Pricing_Information_S82->CUR_Currency__CUR__S83->_374_Date_Time_Qualifier_E13,X12_00401_850->PO1Loop1->CTPLoop1->CUR_4->CUR13
ASC_X12_850_004_010_DEFAULT_X->PO1_Baseline_Item_Data__PO1__S76->CTP_Pricing_Information_S82->CUR_Currency__CUR__S83->_373_Date_E14,X12_00401_850->PO1Loop1->CTPLoop1->CUR_4->CUR14
ASC_X12_850_004_010_DEFAULT_X->PO1_Baseline_Item_Data__PO1__S76->CTP_Pricing_Information_S82->CUR_Currency__CUR__S83->_337_Time_E15,X12_00401_850->PO1Loop1->CTPLoop1->CUR_4->CUR15
ASC_X12_850_004_010_DEFAULT_X->PO1_Baseline_Item_Data__PO1__S76->CTP_Pricing_Information_S82->CUR_Currency__CUR__S83->_374_Date_Time_Qualifier_E16,X12_00401_850->PO1Loop1->CTPLoop1->CUR_4->CUR16
ASC_X12_850_004_010_DEFAULT_X->PO1_Baseline_Item_Data__PO1__S76->CTP_Pricing_Information_S82->CUR_Currency__CUR__S83->_373_Date_E17,X12_00401_850->PO1Loop1->CTPLoop1->CUR_4->CUR17
ASC_X12_850_004_010_DEFAULT_X->PO1_Baseline_Item_Data__PO1__S76->CTP_Pricing_Information_S82->CUR_Currency__CUR__S83->_337_Time_E18,X12_00401_850->PO1Loop1->CTPLoop1->CUR_4->CUR18
ASC_X12_850_004_010_DEFAULT_X->PO1_Baseline_Item_Data__PO1__S76->CTP_Pricing_Information_S82->CUR_Currency__CUR__S83->_374_Date_Time_Qualifier_E19,X12_00401_850->PO1Loop1->CTPLoop1->CUR_4->CUR19
ASC_X12_850_004_010_DEFAULT_X->PO1_Baseline_Item_Data__PO1__S76->CTP_Pricing_Information_S82->CUR_Currency__CUR__S83->_373_Date_E20,X12_00401_850->PO1Loop1->CTPLoop1->CUR_4->CUR20
ASC_X12_850_004_010_DEFAULT_X->PO1_Baseline_Item_Data__PO1__S76->CTP_Pricing_Information_S82->CUR_Currency__CUR__S83->_337_Time_E21,X12_00401_850->PO1Loop1->CTPLoop1->CUR_4->CUR21
ASC_X12_850_004_010_DEFAULT_X->PO1_Baseline_Item_Data__PO1__S76->REF_Reference_Identification__REF__S90,X12_00401_850->PO1Loop1->REF_7
ASC_X12_850_004_010_DEFAULT_X->PO1_Baseline_Item_Data__PO1__S76->REF_Reference_Identification__REF__S90->_128_Reference_Identification_Qualifier_E4_COMP,X12_00401_850->PO1Loop1->REF_7->C040_8
ASC_X12_850_004_010_DEFAULT_X->PO1_Baseline_Item_Data__PO1__S76->REF_Reference_Identification__REF__S90->_128_Reference_Identification_Qualifier_E4_COMP,X12_00401_850->PO1Loop1->REF_7->C040_8
ASC_X12_850_004_010_DEFAULT_X->PO1_Baseline_Item_Data__PO1__S76->REF_Reference_Identification__REF__S90->_128_Reference_Identification_Qualifier_E4_COMP->_128_Reference_Identification_Qualifier_E4,X12_00401_850->PO1Loop1->REF_7->C040_8->C04001
ASC_X12_850_004_010_DEFAULT_X->PO1_Baseline_Item_Data__PO1__S76->REF_Reference_Identification__REF__S90->_128_Reference_Identification_Qualifier_E4_COMP->_127_Reference_Identification_E5,X12_00401_850->PO1Loop1->REF_7->C040_8->C04002
ASC_X12_850_004_010_DEFAULT_X->PO1_Baseline_Item_Data__PO1__S76->REF_Reference_Identification__REF__S90->_128_Reference_Identification_Qualifier_E4_COMP->_128_Reference_Identification_Qualifier_E6,X12_00401_850->PO1Loop1->REF_7->C040_8->C04003
ASC_X12_850_004_010_DEFAULT_X->PO1_Baseline_Item_Data__PO1__S76->REF_Reference_Identification__REF__S90->_128_Reference_Identification_Qualifier_E4_COMP->_127_Reference_Identification_E7,X12_00401_850->PO1Loop1->REF_7->C040_8->C04004
ASC_X12_850_004_010_DEFAULT_X->PO1_Baseline_Item_Data__PO1__S76->REF_Reference_Identification__REF__S90->_128_Reference_Identification_Qualifier_E4_COMP->_128_Reference_Identification_Qualifier_E8,X12_00401_850->PO1Loop1->REF_7->C040_8->C04005
ASC_X12_850_004_010_DEFAULT_X->PO1_Baseline_Item_Data__PO1__S76->REF_Reference_Identification__REF__S90->_128_Reference_Identification_Qualifier_E4_COMP->_127_Reference_Identification_E9,X12_00401_850->PO1Loop1->REF_7->C040_8->C04006
ASC_X12_850_004_010_DEFAULT_X->PO1_Baseline_Item_Data__PO1__S76->REF_Reference_Identification__REF__S90->_128_Reference_Identification_Qualifier_E1,X12_00401_850->PO1Loop1->REF_7->REF01
ASC_X12_850_004_010_DEFAULT_X->PO1_Baseline_Item_Data__PO1__S76->REF_Reference_Identification__REF__S90->_127_Reference_Identification_E2,X12_00401_850->PO1Loop1->REF_7->REF02
ASC_X12_850_004_010_DEFAULT_X->PO1_Baseline_Item_Data__PO1__S76->REF_Reference_Identification__REF__S90->_352_Description_E3,X12_00401_850->PO1Loop1->REF_7->REF03
ASC_X12_850_004_010_DEFAULT_X->PO1_Baseline_Item_Data__PO1__S76->IT8_Conditions_of_Sale_S95->_563_Sales_Requirement_Code_E1,X12_00401_850->PO1Loop1->IT8->IT801
ASC_X12_850_004_010_DEFAULT_X->PO1_Baseline_Item_Data__PO1__S76->IT8_Conditions_of_Sale_S95,X12_00401_850->PO1Loop1->IT8
ASC_X12_850_004_010_DEFAULT_X->PO1_Baseline_Item_Data__PO1__S76->MSG_Message_Text_S112->_933_Free-Form_Message_Text_E1,X12_00401_850->PO1Loop1->MSG_5->MSG01
ASC_X12_850_004_010_DEFAULT_X->PO1_Baseline_Item_Data__PO1__S76->MSG_Message_Text_S112,X12_00401_850->PO1Loop1->MSG_5
ASC_X12_850_004_010_DEFAULT_X->PO1_Baseline_Item_Data__PO1__S76->MSG_Message_Text_S112,X12_00401_850->PO1Loop1->MSG_5
ASC_X12_850_004_010_DEFAULT_X->BEG_Beginning_Segment_for_Purchas__BEG__S1->_373_Date_E5,X12_00401_850->BEG->BEG05
ASC_X12_850_004_010_DEFAULT_X->ITD_Terms_of_Sale_Deferred_Terms_of_Sal_S13->_370_Terms_Discount_Due_Date_E4,X12_00401_850->ITD->ITD04
ASC_X12_850_004_010_DEFAULT_X->ITD_Terms_of_Sale_Deferred_Terms_of_Sal_S13->_370_Terms_Discount_Due_Date_E4,X12_00401_850->ITD->ITD04
ASC_X12_850_004_010_DEFAULT_X->ITD_Terms_of_Sale_Deferred_Terms_of_Sal_S13->_446_Terms_Net_Due_Date_E6,X12_00401_850->ITD->ITD06
ASC_X12_850_004_010_DEFAULT_X->ITD_Terms_of_Sale_Deferred_Terms_of_Sal_S13->_446_Terms_Net_Due_Date_E6,X12_00401_850->ITD->ITD06
ASC_X12_850_004_010_DEFAULT_X->ITD_Terms_of_Sale_Deferred_Terms_of_Sal_S13->_388_Terms_Deferred_Due_Date_E9,X12_00401_850->ITD->ITD09
ASC_X12_850_004_010_DEFAULT_X->ITD_Terms_of_Sale_Deferred_Terms_of_Sal_S13->_388_Terms_Deferred_Due_Date_E9,X12_00401_850->ITD->ITD09
ASC_X12_850_004_010_DEFAULT_X->DTM_Date_Time_Reference_S16->_373_Date_E2,X12_00401_850->DTM->DTM02
ASC_X12_850_004_010_DEFAULT_X->LDT_Lead_Time_S17->_373_Date_E4,X12_00401_850->LDT->LDT04
ASC_X12_850_004_010_DEFAULT_X->N9_Reference_Identification_S38->DTM_Date_Time_Reference_S39->_373_Date_E2,X12_00401_850->N9Loop1->DTM_3->DTM02
ASC_X12_850_004_010_DEFAULT_X->SPI_Specification_Identifier_S57->DTM_Date_Time_Reference_S59->_373_Date_E2,X12_00401_850->SPILoop1->DTM_4->DTM02
ASC_X12_850_004_010_DEFAULT_X->SPI_Specification_Identifier_S57->CB1_Contract_and_Cost_Accounting_Standa_S68->DTM_Date_Time_Reference_S70->_373_Date_E2,X12_00401_850->SPILoop1->CB1Loop1->DTM_5->DTM02
ASC_X12_850_004_010_DEFAULT_X->SPI_Specification_Identifier_S57->CB1_Contract_and_Cost_Accounting_Standa_S68->LDT_Lead_Time_S71->_373_Date_E4,X12_00401_850->SPILoop1->CB1Loop1->LDT_2->LDT04
ASC_X12_850_004_010_DEFAULT_X->ADV_Advertising_Demographic_Information_S73->DTM_Date_Time_Reference_S74->_373_Date_E2,X12_00401_850->ADVLoop1->DTM_6->DTM02
ASC_X12_850_004_010_DEFAULT_X->PO1_Baseline_Item_Data__PO1__S76->DTM_Date_Time_Reference_S104->_373_Date_E2,X12_00401_850->PO1Loop1->DTM_7->DTM02
ASC_X12_850_004_010_DEFAULT_X->PO1_Baseline_Item_Data__PO1__S76->SCH_Line_Item_Schedule_S118->_373_Date_E6,X12_00401_850->PO1Loop1->SCHLoop1->SCH->SCH06
ASC_X12_850_004_010_DEFAULT_X->TAX_Tax_Reference_S5->_325_Tax_Identification_Number_E1,X12_00401_850->TAX->TAX01
ASC_X12_850_004_010_DEFAULT_X->TAX_Tax_Reference_S5->_309_Location_Qualifier_E2,X12_00401_850->TAX->TAX02
ASC_X12_850_004_010_DEFAULT_X->TAX_Tax_Reference_S5->_310_Location_Identifier_E3,X12_00401_850->TAX->TAX03
ASC_X12_850_004_010_DEFAULT_X->TAX_Tax_Reference_S5->_309_Location_Qualifier_E4,X12_00401_850->TAX->TAX04
ASC_X12_850_004_010_DEFAULT_X->TAX_Tax_Reference_S5->_310_Location_Identifier_E5,X12_00401_850->TAX->TAX05
ASC_X12_850_004_010_DEFAULT_X->TAX_Tax_Reference_S5->_309_Location_Qualifier_E6,X12_00401_850->TAX->TAX06
ASC_X12_850_004_010_DEFAULT_X->TAX_Tax_Reference_S5->_310_Location_Identifier_E7,X12_00401_850->TAX->TAX07
ASC_X12_850_004_010_DEFAULT_X->TAX_Tax_Reference_S5->_309_Location_Qualifier_E8,X12_00401_850->TAX->TAX08
ASC_X12_850_004_010_DEFAULT_X->TAX_Tax_Reference_S5->_310_Location_Identifier_E9,X12_00401_850->TAX->TAX09
ASC_X12_850_004_010_DEFAULT_X->TAX_Tax_Reference_S5->_309_Location_Qualifier_E10,X12_00401_850->TAX->TAX10
ASC_X12_850_004_010_DEFAULT_X->TAX_Tax_Reference_S5->_310_Location_Identifier_E11,X12_00401_850->TAX->TAX11
ASC_X12_850_004_010_DEFAULT_X->TAX_Tax_Reference_S5->_441_Tax_Exempt_Code_E12,X12_00401_850->TAX->TAX12
ASC_X12_850_004_010_DEFAULT_X->TAX_Tax_Reference_S5->_1179_Customs_Entry_Type_Group_Code_E13,X12_00401_850->TAX->TAX13
