ASC_X12_856_004_010_DEFAULT_X->CovastEnvelope->SenderIdCodeQualifier,ISA->ISA05
ASC_X12_856_004_010_DEFAULT_X->CovastEnvelope->SenderId,ISA->ISA06
ASC_X12_856_004_010_DEFAULT_X->CovastEnvelope->RecipientIdCodeQualifier,ISA->ISA07
ASC_X12_856_004_010_DEFAULT_X->CovastEnvelope->RecipientId,ISA->ISA08
ASC_X12_856_004_010_DEFAULT_X->CovastEnvelope->InterchangeDate,ISA->ISA09
ASC_X12_856_004_010_DEFAULT_X->CovastEnvelope->InterchangeTime,ISA->ISA10
ASC_X12_856_004_010_DEFAULT_X->CovastEnvelope->CovastInterchangeNumber,ISA->ISA11
ASC_X12_856_004_010_DEFAULT_X->CovastEnvelope->InterchangeControlReference,ISA->ISA13
ASC_X12_856_004_010_DEFAULT_X->CovastEnvelope->ApplicationReference,ISA->ISA14
ASC_X12_856_004_010_DEFAULT_X->CovastEnvelope->TestIndicator,ISA->ISA15
ASC_X12_856_004_010_DEFAULT_X->CovastEnvelope->FunctionalGroupId,GS->GS01
ASC_X12_856_004_010_DEFAULT_X->CovastEnvelope->ApplicationSenderId,GS->GS02
ASC_X12_856_004_010_DEFAULT_X->CovastEnvelope->ApplicationRecipientId,GS->GS03
ASC_X12_856_004_010_DEFAULT_X->CovastEnvelope->GroupDate,GS->GS04
ASC_X12_856_004_010_DEFAULT_X->CovastEnvelope->GroupTime,GS->GS05
ASC_X12_856_004_010_DEFAULT_X->CovastEnvelope->GroupControlReference,GS->GS06
ASC_X12_856_004_010_DEFAULT_X->CovastEnvelope->ControllingAgency,GS->GS07
ASC_X12_856_004_010_DEFAULT_X->CovastEnvelope->AssociationAssignedCode,GS->GS08
ASC_X12_856_004_010_DEFAULT_X->CovastEnvelope->DocumentType,X12_00401_856->ST->ST01
ASC_X12_856_004_010_DEFAULT_X->CovastEnvelope->DocumentVersion,ISA->ISA12
ASC_X12_856_004_010_DEFAULT_X->CovastEnvelope->DocumentRelease,ISA->ISA12
ASC_X12_856_004_010_DEFAULT_X->BSN_Beginning_Segment_for_Ship_Notice_S1->_353_Transaction_Set_Purpose_Code_E1,X12_00401_856->BSN->BSN01
ASC_X12_856_004_010_DEFAULT_X->BSN_Beginning_Segment_for_Ship_Notice_S1->_396_Shipment_Identification_E2,X12_00401_856->BSN->BSN02
ASC_X12_856_004_010_DEFAULT_X->BSN_Beginning_Segment_for_Ship_Notice_S1->_337_Time_E4,X12_00401_856->BSN->BSN04
ASC_X12_856_004_010_DEFAULT_X->BSN_Beginning_Segment_for_Ship_Notice_S1->_1005_Hierarchical_Structure_Code_E5,X12_00401_856->BSN->BSN05
ASC_X12_856_004_010_DEFAULT_X->BSN_Beginning_Segment_for_Ship_Notice_S1->_640_Transaction_Type_Code_E6,X12_00401_856->BSN->BSN06
ASC_X12_856_004_010_DEFAULT_X->BSN_Beginning_Segment_for_Ship_Notice_S1->_641_Status_Reason_Code_E7,X12_00401_856->BSN->BSN07
ASC_X12_856_004_010_DEFAULT_X->DTM_Date_Time_Reference_S2->_374_Date_Time_Qualifier_E1,X12_00401_856->DTM->DTM01
ASC_X12_856_004_010_DEFAULT_X->DTM_Date_Time_Reference_S2->_337_Time_E3,X12_00401_856->DTM->DTM03
ASC_X12_856_004_010_DEFAULT_X->DTM_Date_Time_Reference_S2->_623_Time_Code_E4,X12_00401_856->DTM->DTM04
ASC_X12_856_004_010_DEFAULT_X->DTM_Date_Time_Reference_S2->_1250_Date_Time_Period_Format_Qualifier_E5,X12_00401_856->DTM->DTM05
ASC_X12_856_004_010_DEFAULT_X->DTM_Date_Time_Reference_S2->_1251_Date_Time_Period_E6,X12_00401_856->DTM->DTM06
ASC_X12_856_004_010_DEFAULT_X->DTM_Date_Time_Reference_S2->_1251_Date_Time_Period_E6,X12_00401_856->HLLoop1
ASC_X12_856_004_010_DEFAULT_X->CovastEnvelope->VersionReleaseIndustryIdCode,GS->GS08
ASC_X12_856_004_010_DEFAULT_X->CovastEnvelope->DocumentControlReference,X12_00401_856->ST->ST02
ASC_X12_856_004_010_DEFAULT_X->HL_Hierarchical_Level_S3->_628_Hierarchical_ID_Number_E1,X12_00401_856->HLLoop1->HL->HL01
ASC_X12_856_004_010_DEFAULT_X->HL_Hierarchical_Level_S3->_734_Hierarchical_Parent_ID_Number_E2,X12_00401_856->HLLoop1->HL->HL02
ASC_X12_856_004_010_DEFAULT_X->HL_Hierarchical_Level_S3->_735_Hierarchical_Level_Code_E3,X12_00401_856->HLLoop1->HL->HL03
ASC_X12_856_004_010_DEFAULT_X->HL_Hierarchical_Level_S3->_736_Hierarchical_Child_Code_E4,X12_00401_856->HLLoop1->HL->HL04
ASC_X12_856_004_010_DEFAULT_X->HL_Hierarchical_Level_S3->LIN_Item_Identification_S4->_350_Assigned_Identification_E1,X12_00401_856->HLLoop1->LIN->LIN01
ASC_X12_856_004_010_DEFAULT_X->HL_Hierarchical_Level_S3->LIN_Item_Identification_S4->_235_Product_Service_ID_Qualifier_E2,X12_00401_856->HLLoop1->LIN->LIN02
ASC_X12_856_004_010_DEFAULT_X->HL_Hierarchical_Level_S3->LIN_Item_Identification_S4->_234_Product_Service_ID_E3,X12_00401_856->HLLoop1->LIN->LIN03
ASC_X12_856_004_010_DEFAULT_X->HL_Hierarchical_Level_S3->LIN_Item_Identification_S4->_235_Product_Service_ID_Qualifier_E4,X12_00401_856->HLLoop1->LIN->LIN04
ASC_X12_856_004_010_DEFAULT_X->HL_Hierarchical_Level_S3->LIN_Item_Identification_S4->_234_Product_Service_ID_E5,X12_00401_856->HLLoop1->LIN->LIN05
ASC_X12_856_004_010_DEFAULT_X->HL_Hierarchical_Level_S3->LIN_Item_Identification_S4->_235_Product_Service_ID_Qualifier_E6,X12_00401_856->HLLoop1->LIN->LIN06
ASC_X12_856_004_010_DEFAULT_X->HL_Hierarchical_Level_S3->LIN_Item_Identification_S4->_234_Product_Service_ID_E7,X12_00401_856->HLLoop1->LIN->LIN07
ASC_X12_856_004_010_DEFAULT_X->HL_Hierarchical_Level_S3->LIN_Item_Identification_S4->_235_Product_Service_ID_Qualifier_E8,X12_00401_856->HLLoop1->LIN->LIN08
ASC_X12_856_004_010_DEFAULT_X->HL_Hierarchical_Level_S3->LIN_Item_Identification_S4->_234_Product_Service_ID_E9,X12_00401_856->HLLoop1->LIN->LIN09
ASC_X12_856_004_010_DEFAULT_X->HL_Hierarchical_Level_S3->LIN_Item_Identification_S4->_235_Product_Service_ID_Qualifier_E10,X12_00401_856->HLLoop1->LIN->LIN10
ASC_X12_856_004_010_DEFAULT_X->HL_Hierarchical_Level_S3->LIN_Item_Identification_S4->_234_Product_Service_ID_E11,X12_00401_856->HLLoop1->LIN->LIN11
ASC_X12_856_004_010_DEFAULT_X->HL_Hierarchical_Level_S3->LIN_Item_Identification_S4->_235_Product_Service_ID_Qualifier_E12,X12_00401_856->HLLoop1->LIN->LIN12
ASC_X12_856_004_010_DEFAULT_X->HL_Hierarchical_Level_S3->LIN_Item_Identification_S4->_234_Product_Service_ID_E13,X12_00401_856->HLLoop1->LIN->LIN13
ASC_X12_856_004_010_DEFAULT_X->HL_Hierarchical_Level_S3->LIN_Item_Identification_S4->_235_Product_Service_ID_Qualifier_E14,X12_00401_856->HLLoop1->LIN->LIN14
ASC_X12_856_004_010_DEFAULT_X->HL_Hierarchical_Level_S3->LIN_Item_Identification_S4->_234_Product_Service_ID_E15,X12_00401_856->HLLoop1->LIN->LIN15
ASC_X12_856_004_010_DEFAULT_X->HL_Hierarchical_Level_S3->LIN_Item_Identification_S4->_235_Product_Service_ID_Qualifier_E16,X12_00401_856->HLLoop1->LIN->LIN16
ASC_X12_856_004_010_DEFAULT_X->HL_Hierarchical_Level_S3->LIN_Item_Identification_S4->_234_Product_Service_ID_E17,X12_00401_856->HLLoop1->LIN->LIN17
ASC_X12_856_004_010_DEFAULT_X->HL_Hierarchical_Level_S3->LIN_Item_Identification_S4->_235_Product_Service_ID_Qualifier_E18,X12_00401_856->HLLoop1->LIN->LIN18
ASC_X12_856_004_010_DEFAULT_X->HL_Hierarchical_Level_S3->LIN_Item_Identification_S4->_234_Product_Service_ID_E19,X12_00401_856->HLLoop1->LIN->LIN19
ASC_X12_856_004_010_DEFAULT_X->HL_Hierarchical_Level_S3->LIN_Item_Identification_S4->_235_Product_Service_ID_Qualifier_E20,X12_00401_856->HLLoop1->LIN->LIN20
ASC_X12_856_004_010_DEFAULT_X->HL_Hierarchical_Level_S3->LIN_Item_Identification_S4->_234_Product_Service_ID_E21,X12_00401_856->HLLoop1->LIN->LIN21
ASC_X12_856_004_010_DEFAULT_X->HL_Hierarchical_Level_S3->LIN_Item_Identification_S4->_235_Product_Service_ID_Qualifier_E22,X12_00401_856->HLLoop1->LIN->LIN22
ASC_X12_856_004_010_DEFAULT_X->HL_Hierarchical_Level_S3->LIN_Item_Identification_S4->_234_Product_Service_ID_E23,X12_00401_856->HLLoop1->LIN->LIN23
ASC_X12_856_004_010_DEFAULT_X->HL_Hierarchical_Level_S3->LIN_Item_Identification_S4->_235_Product_Service_ID_Qualifier_E24,X12_00401_856->HLLoop1->LIN->LIN24
ASC_X12_856_004_010_DEFAULT_X->HL_Hierarchical_Level_S3->LIN_Item_Identification_S4->_234_Product_Service_ID_E25,X12_00401_856->HLLoop1->LIN->LIN25
ASC_X12_856_004_010_DEFAULT_X->HL_Hierarchical_Level_S3->LIN_Item_Identification_S4->_235_Product_Service_ID_Qualifier_E26,X12_00401_856->HLLoop1->LIN->LIN26
ASC_X12_856_004_010_DEFAULT_X->HL_Hierarchical_Level_S3->LIN_Item_Identification_S4->_234_Product_Service_ID_E27,X12_00401_856->HLLoop1->LIN->LIN27
ASC_X12_856_004_010_DEFAULT_X->HL_Hierarchical_Level_S3->LIN_Item_Identification_S4->_235_Product_Service_ID_Qualifier_E28,X12_00401_856->HLLoop1->LIN->LIN28
ASC_X12_856_004_010_DEFAULT_X->HL_Hierarchical_Level_S3->LIN_Item_Identification_S4->_234_Product_Service_ID_E29,X12_00401_856->HLLoop1->LIN->LIN29
ASC_X12_856_004_010_DEFAULT_X->HL_Hierarchical_Level_S3->LIN_Item_Identification_S4->_235_Product_Service_ID_Qualifier_E30,X12_00401_856->HLLoop1->LIN->LIN30
ASC_X12_856_004_010_DEFAULT_X->HL_Hierarchical_Level_S3->LIN_Item_Identification_S4->_234_Product_Service_ID_E31,X12_00401_856->HLLoop1->LIN->LIN31
ASC_X12_856_004_010_DEFAULT_X->HL_Hierarchical_Level_S3->SN1_Item_Detail__Shipment__S5->_350_Assigned_Identification_E1,X12_00401_856->HLLoop1->SN1->SN101
ASC_X12_856_004_010_DEFAULT_X->HL_Hierarchical_Level_S3->SN1_Item_Detail__Shipment__S5->_382_Number_of_Units_Shipped_E2,X12_00401_856->HLLoop1->SN1->SN102
ASC_X12_856_004_010_DEFAULT_X->HL_Hierarchical_Level_S3->SN1_Item_Detail__Shipment__S5->_355_Unit_or_Basis_for_Measurement_Code_E3,X12_00401_856->HLLoop1->SN1->SN103
ASC_X12_856_004_010_DEFAULT_X->HL_Hierarchical_Level_S3->SN1_Item_Detail__Shipment__S5->_646_Quantity_Shipped_to_Date_E4,X12_00401_856->HLLoop1->SN1->SN104
ASC_X12_856_004_010_DEFAULT_X->HL_Hierarchical_Level_S3->SN1_Item_Detail__Shipment__S5->_330_Quantity_Ordered_E5,X12_00401_856->HLLoop1->SN1->SN105
ASC_X12_856_004_010_DEFAULT_X->HL_Hierarchical_Level_S3->SN1_Item_Detail__Shipment__S5->_355_Unit_or_Basis_for_Measurement_Code_E6,X12_00401_856->HLLoop1->SN1->SN106
ASC_X12_856_004_010_DEFAULT_X->HL_Hierarchical_Level_S3->SN1_Item_Detail__Shipment__S5->_728_Returnable_Container_Load_Make-Up_C_E7,X12_00401_856->HLLoop1->SN1->SN107
ASC_X12_856_004_010_DEFAULT_X->HL_Hierarchical_Level_S3->SN1_Item_Detail__Shipment__S5->_668_Line_Item_Status_Code_E8,X12_00401_856->HLLoop1->SN1->SN108
ASC_X12_856_004_010_DEFAULT_X->HL_Hierarchical_Level_S3->SLN_Subline_Item_Detail_S6->_350_Assigned_Identification_E1,X12_00401_856->HLLoop1->SLN->SLN01
ASC_X12_856_004_010_DEFAULT_X->HL_Hierarchical_Level_S3->SLN_Subline_Item_Detail_S6->_350_Assigned_Identification_E2,X12_00401_856->HLLoop1->SLN->SLN02
ASC_X12_856_004_010_DEFAULT_X->HL_Hierarchical_Level_S3->SLN_Subline_Item_Detail_S6->_662_Relationship_Code_E3,X12_00401_856->HLLoop1->SLN->SLN03
ASC_X12_856_004_010_DEFAULT_X->HL_Hierarchical_Level_S3->SLN_Subline_Item_Detail_S6->_380_Quantity_E4,X12_00401_856->HLLoop1->SLN->SLN04
ASC_X12_856_004_010_DEFAULT_X->HL_Hierarchical_Level_S3->SLN_Subline_Item_Detail_S6->_355_Unit_or_Basis_for_Measurement_Code_E5_COMP->_355_Unit_or_Basis_for_Measurement_Code_E5,X12_00401_856->HLLoop1->SLN->C001->C00101
ASC_X12_856_004_010_DEFAULT_X->HL_Hierarchical_Level_S3->SLN_Subline_Item_Detail_S6->_355_Unit_or_Basis_for_Measurement_Code_E5_COMP->_1018_Exponent_E6,X12_00401_856->HLLoop1->SLN->C001->C00102
ASC_X12_856_004_010_DEFAULT_X->HL_Hierarchical_Level_S3->SLN_Subline_Item_Detail_S6->_355_Unit_or_Basis_for_Measurement_Code_E5_COMP->_649_Multiplier_E7,X12_00401_856->HLLoop1->SLN->C001->C00103
ASC_X12_856_004_010_DEFAULT_X->HL_Hierarchical_Level_S3->SLN_Subline_Item_Detail_S6->_355_Unit_or_Basis_for_Measurement_Code_E5_COMP->_355_Unit_or_Basis_for_Measurement_Code_E8,X12_00401_856->HLLoop1->SLN->C001->C00104
ASC_X12_856_004_010_DEFAULT_X->HL_Hierarchical_Level_S3->SLN_Subline_Item_Detail_S6->_355_Unit_or_Basis_for_Measurement_Code_E5_COMP->_1018_Exponent_E9,X12_00401_856->HLLoop1->SLN->C001->C00105
ASC_X12_856_004_010_DEFAULT_X->HL_Hierarchical_Level_S3->SLN_Subline_Item_Detail_S6->_355_Unit_or_Basis_for_Measurement_Code_E5_COMP->_649_Multiplier_E10,X12_00401_856->HLLoop1->SLN->C001->C00106
ASC_X12_856_004_010_DEFAULT_X->HL_Hierarchical_Level_S3->SLN_Subline_Item_Detail_S6->_355_Unit_or_Basis_for_Measurement_Code_E5_COMP->_355_Unit_or_Basis_for_Measurement_Code_E11,X12_00401_856->HLLoop1->SLN->C001->C00107
ASC_X12_856_004_010_DEFAULT_X->HL_Hierarchical_Level_S3->SLN_Subline_Item_Detail_S6->_355_Unit_or_Basis_for_Measurement_Code_E5_COMP->_1018_Exponent_E12,X12_00401_856->HLLoop1->SLN->C001->C00108
ASC_X12_856_004_010_DEFAULT_X->HL_Hierarchical_Level_S3->SLN_Subline_Item_Detail_S6->_355_Unit_or_Basis_for_Measurement_Code_E5_COMP->_649_Multiplier_E13,X12_00401_856->HLLoop1->SLN->C001->C00109
ASC_X12_856_004_010_DEFAULT_X->HL_Hierarchical_Level_S3->SLN_Subline_Item_Detail_S6->_355_Unit_or_Basis_for_Measurement_Code_E5_COMP->_355_Unit_or_Basis_for_Measurement_Code_E14,X12_00401_856->HLLoop1->SLN->C001->C00110
ASC_X12_856_004_010_DEFAULT_X->HL_Hierarchical_Level_S3->SLN_Subline_Item_Detail_S6->_355_Unit_or_Basis_for_Measurement_Code_E5_COMP->_1018_Exponent_E15,X12_00401_856->HLLoop1->SLN->C001->C00111
ASC_X12_856_004_010_DEFAULT_X->HL_Hierarchical_Level_S3->SLN_Subline_Item_Detail_S6->_355_Unit_or_Basis_for_Measurement_Code_E5_COMP->_649_Multiplier_E16,X12_00401_856->HLLoop1->SLN->C001->C00112
ASC_X12_856_004_010_DEFAULT_X->HL_Hierarchical_Level_S3->SLN_Subline_Item_Detail_S6->_355_Unit_or_Basis_for_Measurement_Code_E5_COMP->_355_Unit_or_Basis_for_Measurement_Code_E17,X12_00401_856->HLLoop1->SLN->C001->C00113
ASC_X12_856_004_010_DEFAULT_X->HL_Hierarchical_Level_S3->SLN_Subline_Item_Detail_S6->_355_Unit_or_Basis_for_Measurement_Code_E5_COMP->_1018_Exponent_E18,X12_00401_856->HLLoop1->SLN->C001->C00114
ASC_X12_856_004_010_DEFAULT_X->HL_Hierarchical_Level_S3->SLN_Subline_Item_Detail_S6->_355_Unit_or_Basis_for_Measurement_Code_E5_COMP->_649_Multiplier_E19,X12_00401_856->HLLoop1->SLN->C001->C00115
ASC_X12_856_004_010_DEFAULT_X->HL_Hierarchical_Level_S3->SLN_Subline_Item_Detail_S6->_639_Basis_of_Unit_Price_Code_E21,X12_00401_856->HLLoop1->SLN->SLN07
ASC_X12_856_004_010_DEFAULT_X->HL_Hierarchical_Level_S3->SLN_Subline_Item_Detail_S6->_662_Relationship_Code_E22,X12_00401_856->HLLoop1->SLN->SLN08
ASC_X12_856_004_010_DEFAULT_X->HL_Hierarchical_Level_S3->SLN_Subline_Item_Detail_S6->_235_Product_Service_ID_Qualifier_E23,X12_00401_856->HLLoop1->SLN->SLN09
ASC_X12_856_004_010_DEFAULT_X->HL_Hierarchical_Level_S3->SLN_Subline_Item_Detail_S6->_234_Product_Service_ID_E24,X12_00401_856->HLLoop1->SLN->SLN10
ASC_X12_856_004_010_DEFAULT_X->HL_Hierarchical_Level_S3->SLN_Subline_Item_Detail_S6->_235_Product_Service_ID_Qualifier_E25,X12_00401_856->HLLoop1->SLN->SLN11
ASC_X12_856_004_010_DEFAULT_X->HL_Hierarchical_Level_S3->SLN_Subline_Item_Detail_S6->_234_Product_Service_ID_E26,X12_00401_856->HLLoop1->SLN->SLN12
ASC_X12_856_004_010_DEFAULT_X->HL_Hierarchical_Level_S3->SLN_Subline_Item_Detail_S6->_235_Product_Service_ID_Qualifier_E27,X12_00401_856->HLLoop1->SLN->SLN13
ASC_X12_856_004_010_DEFAULT_X->HL_Hierarchical_Level_S3->SLN_Subline_Item_Detail_S6->_234_Product_Service_ID_E28,X12_00401_856->HLLoop1->SLN->SLN14
ASC_X12_856_004_010_DEFAULT_X->HL_Hierarchical_Level_S3->SLN_Subline_Item_Detail_S6->_235_Product_Service_ID_Qualifier_E29,X12_00401_856->HLLoop1->SLN->SLN15
ASC_X12_856_004_010_DEFAULT_X->HL_Hierarchical_Level_S3->SLN_Subline_Item_Detail_S6->_234_Product_Service_ID_E30,X12_00401_856->HLLoop1->SLN->SLN16
ASC_X12_856_004_010_DEFAULT_X->HL_Hierarchical_Level_S3->SLN_Subline_Item_Detail_S6->_235_Product_Service_ID_Qualifier_E31,X12_00401_856->HLLoop1->SLN->SLN17
ASC_X12_856_004_010_DEFAULT_X->HL_Hierarchical_Level_S3->SLN_Subline_Item_Detail_S6->_234_Product_Service_ID_E32,X12_00401_856->HLLoop1->SLN->SLN18
ASC_X12_856_004_010_DEFAULT_X->HL_Hierarchical_Level_S3->SLN_Subline_Item_Detail_S6->_235_Product_Service_ID_Qualifier_E33,X12_00401_856->HLLoop1->SLN->SLN19
ASC_X12_856_004_010_DEFAULT_X->HL_Hierarchical_Level_S3->SLN_Subline_Item_Detail_S6->_234_Product_Service_ID_E34,X12_00401_856->HLLoop1->SLN->SLN20
ASC_X12_856_004_010_DEFAULT_X->HL_Hierarchical_Level_S3->SLN_Subline_Item_Detail_S6->_235_Product_Service_ID_Qualifier_E35,X12_00401_856->HLLoop1->SLN->SLN21
ASC_X12_856_004_010_DEFAULT_X->HL_Hierarchical_Level_S3->SLN_Subline_Item_Detail_S6->_234_Product_Service_ID_E36,X12_00401_856->HLLoop1->SLN->SLN22
ASC_X12_856_004_010_DEFAULT_X->HL_Hierarchical_Level_S3->SLN_Subline_Item_Detail_S6->_235_Product_Service_ID_Qualifier_E37,X12_00401_856->HLLoop1->SLN->SLN23
ASC_X12_856_004_010_DEFAULT_X->HL_Hierarchical_Level_S3->SLN_Subline_Item_Detail_S6->_234_Product_Service_ID_E38,X12_00401_856->HLLoop1->SLN->SLN24
ASC_X12_856_004_010_DEFAULT_X->HL_Hierarchical_Level_S3->SLN_Subline_Item_Detail_S6->_235_Product_Service_ID_Qualifier_E39,X12_00401_856->HLLoop1->SLN->SLN25
ASC_X12_856_004_010_DEFAULT_X->HL_Hierarchical_Level_S3->SLN_Subline_Item_Detail_S6->_234_Product_Service_ID_E40,X12_00401_856->HLLoop1->SLN->SLN26
ASC_X12_856_004_010_DEFAULT_X->HL_Hierarchical_Level_S3->SLN_Subline_Item_Detail_S6->_235_Product_Service_ID_Qualifier_E41,X12_00401_856->HLLoop1->SLN->SLN27
ASC_X12_856_004_010_DEFAULT_X->HL_Hierarchical_Level_S3->SLN_Subline_Item_Detail_S6->_234_Product_Service_ID_E42,X12_00401_856->HLLoop1->SLN->SLN28
ASC_X12_856_004_010_DEFAULT_X->HL_Hierarchical_Level_S3->PRF_Purchase_Order_Reference_S7->_324_Purchase_Order_Number_E1,X12_00401_856->HLLoop1->PRF->PRF01
ASC_X12_856_004_010_DEFAULT_X->HL_Hierarchical_Level_S3->PRF_Purchase_Order_Reference_S7->_328_Release_Number_E2,X12_00401_856->HLLoop1->PRF->PRF02
ASC_X12_856_004_010_DEFAULT_X->HL_Hierarchical_Level_S3->PRF_Purchase_Order_Reference_S7->_327_Change_Order_Sequence_Number_E3,X12_00401_856->HLLoop1->PRF->PRF03
ASC_X12_856_004_010_DEFAULT_X->HL_Hierarchical_Level_S3->PRF_Purchase_Order_Reference_S7->_350_Assigned_Identification_E5,X12_00401_856->HLLoop1->PRF->PRF05
ASC_X12_856_004_010_DEFAULT_X->HL_Hierarchical_Level_S3->PRF_Purchase_Order_Reference_S7->_367_Contract_Number_E6,X12_00401_856->HLLoop1->PRF->PRF06
ASC_X12_856_004_010_DEFAULT_X->HL_Hierarchical_Level_S3->PRF_Purchase_Order_Reference_S7->_92_Purchase_Order_Type_Code_E7,X12_00401_856->HLLoop1->PRF->PRF07
ASC_X12_856_004_010_DEFAULT_X->HL_Hierarchical_Level_S3->PO4_Item_Physical_Details_S8->_356_Pack_E1,X12_00401_856->HLLoop1->PO4->PO401
ASC_X12_856_004_010_DEFAULT_X->HL_Hierarchical_Level_S3->PO4_Item_Physical_Details_S8->_357_Size_E2,X12_00401_856->HLLoop1->PO4->PO402
ASC_X12_856_004_010_DEFAULT_X->HL_Hierarchical_Level_S3->PO4_Item_Physical_Details_S8->_355_Unit_or_Basis_for_Measurement_Code_E3,X12_00401_856->HLLoop1->PO4->PO403
ASC_X12_856_004_010_DEFAULT_X->HL_Hierarchical_Level_S3->PO4_Item_Physical_Details_S8->_103_Packaging_Code_E4,X12_00401_856->HLLoop1->PO4->PO404
ASC_X12_856_004_010_DEFAULT_X->HL_Hierarchical_Level_S3->PO4_Item_Physical_Details_S8->_187_Weight_Qualifier_E5,X12_00401_856->HLLoop1->PO4->PO405
ASC_X12_856_004_010_DEFAULT_X->HL_Hierarchical_Level_S3->PO4_Item_Physical_Details_S8->_384_Gross_Weight_per_Pack_E6,X12_00401_856->HLLoop1->PO4->PO406
ASC_X12_856_004_010_DEFAULT_X->HL_Hierarchical_Level_S3->PO4_Item_Physical_Details_S8->_355_Unit_or_Basis_for_Measurement_Code_E7,X12_00401_856->HLLoop1->PO4->PO407
ASC_X12_856_004_010_DEFAULT_X->HL_Hierarchical_Level_S3->PO4_Item_Physical_Details_S8->_385_Gross_Volume_per_Pack_E8,X12_00401_856->HLLoop1->PO4->PO408
ASC_X12_856_004_010_DEFAULT_X->HL_Hierarchical_Level_S3->PO4_Item_Physical_Details_S8->_355_Unit_or_Basis_for_Measurement_Code_E9,X12_00401_856->HLLoop1->PO4->PO409
ASC_X12_856_004_010_DEFAULT_X->HL_Hierarchical_Level_S3->PO4_Item_Physical_Details_S8->_82_Length_E10,X12_00401_856->HLLoop1->PO4->PO410
ASC_X12_856_004_010_DEFAULT_X->HL_Hierarchical_Level_S3->PO4_Item_Physical_Details_S8->_189_Width_E11,X12_00401_856->HLLoop1->PO4->PO411
ASC_X12_856_004_010_DEFAULT_X->HL_Hierarchical_Level_S3->PO4_Item_Physical_Details_S8->_65_Height_E12,X12_00401_856->HLLoop1->PO4->PO412
ASC_X12_856_004_010_DEFAULT_X->HL_Hierarchical_Level_S3->PO4_Item_Physical_Details_S8->_355_Unit_or_Basis_for_Measurement_Code_E13,X12_00401_856->HLLoop1->PO4->PO413
ASC_X12_856_004_010_DEFAULT_X->HL_Hierarchical_Level_S3->PO4_Item_Physical_Details_S8->_810_Inner_Pack_E14,X12_00401_856->HLLoop1->PO4->PO414
ASC_X12_856_004_010_DEFAULT_X->HL_Hierarchical_Level_S3->PO4_Item_Physical_Details_S8->_752_Surface_Layer_Position_Code_E15,X12_00401_856->HLLoop1->PO4->PO415
ASC_X12_856_004_010_DEFAULT_X->HL_Hierarchical_Level_S3->PO4_Item_Physical_Details_S8->_350_Assigned_Identification_E16,X12_00401_856->HLLoop1->PO4->PO416
ASC_X12_856_004_010_DEFAULT_X->HL_Hierarchical_Level_S3->PO4_Item_Physical_Details_S8->_350_Assigned_Identification_E17,X12_00401_856->HLLoop1->PO4->PO417
ASC_X12_856_004_010_DEFAULT_X->HL_Hierarchical_Level_S3->PO4_Item_Physical_Details_S8->_1470_Number_E18,X12_00401_856->HLLoop1->PO4->PO418
ASC_X12_856_004_010_DEFAULT_X->HL_Hierarchical_Level_S3->PID_Product_Item_Description_S9->_349_Item_Description_Type_E1,X12_00401_856->HLLoop1->PID->PID01
ASC_X12_856_004_010_DEFAULT_X->HL_Hierarchical_Level_S3->PID_Product_Item_Description_S9->_750_Product_Process_Characteristic_Code_E2,X12_00401_856->HLLoop1->PID->PID02
ASC_X12_856_004_010_DEFAULT_X->HL_Hierarchical_Level_S3->PID_Product_Item_Description_S9->_559_Agency_Qualifier_Code_E3,X12_00401_856->HLLoop1->PID->PID03
ASC_X12_856_004_010_DEFAULT_X->HL_Hierarchical_Level_S3->PID_Product_Item_Description_S9->_751_Product_Description_Code_E4,X12_00401_856->HLLoop1->PID->PID04
ASC_X12_856_004_010_DEFAULT_X->HL_Hierarchical_Level_S3->PID_Product_Item_Description_S9->_352_Description_E5,X12_00401_856->HLLoop1->PID->PID05
ASC_X12_856_004_010_DEFAULT_X->HL_Hierarchical_Level_S3->PID_Product_Item_Description_S9->_752_Surface_Layer_Position_Code_E6,X12_00401_856->HLLoop1->PID->PID06
ASC_X12_856_004_010_DEFAULT_X->HL_Hierarchical_Level_S3->PID_Product_Item_Description_S9->_822_Source_Subqualifier_E7,X12_00401_856->HLLoop1->PID->PID07
ASC_X12_856_004_010_DEFAULT_X->HL_Hierarchical_Level_S3->PID_Product_Item_Description_S9->_1073_Yes_No_Condition_or_Response_Code_E8,X12_00401_856->HLLoop1->PID->PID08
ASC_X12_856_004_010_DEFAULT_X->HL_Hierarchical_Level_S3->PID_Product_Item_Description_S9->_819_Language_Code_E9,X12_00401_856->HLLoop1->PID->PID09
ASC_X12_856_004_010_DEFAULT_X->HL_Hierarchical_Level_S3->MEA_Measurements_S10->_737_Measurement_Reference_ID_Code_E1,X12_00401_856->HLLoop1->MEA->MEA01
ASC_X12_856_004_010_DEFAULT_X->HL_Hierarchical_Level_S3->MEA_Measurements_S10->_738_Measurement_Qualifier_E2,X12_00401_856->HLLoop1->MEA->MEA02
ASC_X12_856_004_010_DEFAULT_X->HL_Hierarchical_Level_S3->MEA_Measurements_S10->_739_Measurement_Value_E3,X12_00401_856->HLLoop1->MEA->MEA03
ASC_X12_856_004_010_DEFAULT_X->HL_Hierarchical_Level_S3->MEA_Measurements_S10->_355_Unit_or_Basis_for_Measurement_Code_E4_COMP->_355_Unit_or_Basis_for_Measurement_Code_E4,X12_00401_856->HLLoop1->MEA->C001_2->C00101
ASC_X12_856_004_010_DEFAULT_X->HL_Hierarchical_Level_S3->MEA_Measurements_S10->_355_Unit_or_Basis_for_Measurement_Code_E4_COMP->_1018_Exponent_E5,X12_00401_856->HLLoop1->MEA->C001_2->C00102
ASC_X12_856_004_010_DEFAULT_X->HL_Hierarchical_Level_S3->MEA_Measurements_S10->_355_Unit_or_Basis_for_Measurement_Code_E4_COMP->_649_Multiplier_E6,X12_00401_856->HLLoop1->MEA->C001_2->C00103
ASC_X12_856_004_010_DEFAULT_X->HL_Hierarchical_Level_S3->MEA_Measurements_S10->_355_Unit_or_Basis_for_Measurement_Code_E4_COMP->_355_Unit_or_Basis_for_Measurement_Code_E7,X12_00401_856->HLLoop1->MEA->C001_2->C00104
ASC_X12_856_004_010_DEFAULT_X->HL_Hierarchical_Level_S3->MEA_Measurements_S10->_355_Unit_or_Basis_for_Measurement_Code_E4_COMP->_1018_Exponent_E8,X12_00401_856->HLLoop1->MEA->C001_2->C00105
ASC_X12_856_004_010_DEFAULT_X->HL_Hierarchical_Level_S3->MEA_Measurements_S10->_355_Unit_or_Basis_for_Measurement_Code_E4_COMP->_649_Multiplier_E9,X12_00401_856->HLLoop1->MEA->C001_2->C00106
ASC_X12_856_004_010_DEFAULT_X->HL_Hierarchical_Level_S3->MEA_Measurements_S10->_355_Unit_or_Basis_for_Measurement_Code_E4_COMP->_355_Unit_or_Basis_for_Measurement_Code_E10,X12_00401_856->HLLoop1->MEA->C001_2->C00107
ASC_X12_856_004_010_DEFAULT_X->HL_Hierarchical_Level_S3->MEA_Measurements_S10->_355_Unit_or_Basis_for_Measurement_Code_E4_COMP->_1018_Exponent_E11,X12_00401_856->HLLoop1->MEA->C001_2->C00108
ASC_X12_856_004_010_DEFAULT_X->HL_Hierarchical_Level_S3->MEA_Measurements_S10->_355_Unit_or_Basis_for_Measurement_Code_E4_COMP->_649_Multiplier_E12,X12_00401_856->HLLoop1->MEA->C001_2->C00109
ASC_X12_856_004_010_DEFAULT_X->HL_Hierarchical_Level_S3->MEA_Measurements_S10->_355_Unit_or_Basis_for_Measurement_Code_E4_COMP->_355_Unit_or_Basis_for_Measurement_Code_E13,X12_00401_856->HLLoop1->MEA->C001_2->C00110
ASC_X12_856_004_010_DEFAULT_X->HL_Hierarchical_Level_S3->MEA_Measurements_S10->_355_Unit_or_Basis_for_Measurement_Code_E4_COMP->_1018_Exponent_E14,X12_00401_856->HLLoop1->MEA->C001_2->C00111
ASC_X12_856_004_010_DEFAULT_X->HL_Hierarchical_Level_S3->MEA_Measurements_S10->_355_Unit_or_Basis_for_Measurement_Code_E4_COMP->_649_Multiplier_E15,X12_00401_856->HLLoop1->MEA->C001_2->C00112
ASC_X12_856_004_010_DEFAULT_X->HL_Hierarchical_Level_S3->MEA_Measurements_S10->_355_Unit_or_Basis_for_Measurement_Code_E4_COMP->_355_Unit_or_Basis_for_Measurement_Code_E16,X12_00401_856->HLLoop1->MEA->C001_2->C00113
ASC_X12_856_004_010_DEFAULT_X->HL_Hierarchical_Level_S3->MEA_Measurements_S10->_355_Unit_or_Basis_for_Measurement_Code_E4_COMP->_1018_Exponent_E17,X12_00401_856->HLLoop1->MEA->C001_2->C00114
ASC_X12_856_004_010_DEFAULT_X->HL_Hierarchical_Level_S3->MEA_Measurements_S10->_355_Unit_or_Basis_for_Measurement_Code_E4_COMP->_649_Multiplier_E18,X12_00401_856->HLLoop1->MEA->C001_2->C00115
ASC_X12_856_004_010_DEFAULT_X->HL_Hierarchical_Level_S3->MEA_Measurements_S10->_740_Range_Minimum_E19,X12_00401_856->HLLoop1->MEA->MEA05
ASC_X12_856_004_010_DEFAULT_X->HL_Hierarchical_Level_S3->MEA_Measurements_S10->_741_Range_Maximum_E20,X12_00401_856->HLLoop1->MEA->MEA06
ASC_X12_856_004_010_DEFAULT_X->HL_Hierarchical_Level_S3->MEA_Measurements_S10->_935_Measurement_Significance_Code_E21,X12_00401_856->HLLoop1->MEA->MEA07
ASC_X12_856_004_010_DEFAULT_X->HL_Hierarchical_Level_S3->MEA_Measurements_S10->_936_Measurement_Attribute_Code_E22,X12_00401_856->HLLoop1->MEA->MEA08
ASC_X12_856_004_010_DEFAULT_X->HL_Hierarchical_Level_S3->MEA_Measurements_S10->_752_Surface_Layer_Position_Code_E23,X12_00401_856->HLLoop1->MEA->MEA09
ASC_X12_856_004_010_DEFAULT_X->HL_Hierarchical_Level_S3->MEA_Measurements_S10->_1373_Measurement_Method_or_Device_E24,X12_00401_856->HLLoop1->MEA->MEA10
ASC_X12_856_004_010_DEFAULT_X->HL_Hierarchical_Level_S3->PWK_Paperwork_S11->_755_Report_Type_Code_E1,X12_00401_856->HLLoop1->PWK->PWK01
ASC_X12_856_004_010_DEFAULT_X->HL_Hierarchical_Level_S3->PWK_Paperwork_S11->_756_Report_Transmission_Code_E2,X12_00401_856->HLLoop1->PWK->PWK02
ASC_X12_856_004_010_DEFAULT_X->HL_Hierarchical_Level_S3->PWK_Paperwork_S11->_757_Report_Copies_Needed_E3,X12_00401_856->HLLoop1->PWK->PWK03
ASC_X12_856_004_010_DEFAULT_X->HL_Hierarchical_Level_S3->PWK_Paperwork_S11->_98_Entity_Identifier_Code_E4,X12_00401_856->HLLoop1->PWK->PWK04
ASC_X12_856_004_010_DEFAULT_X->HL_Hierarchical_Level_S3->PWK_Paperwork_S11->_66_Identification_Code_Qualifier_E5,X12_00401_856->HLLoop1->PWK->PWK05
ASC_X12_856_004_010_DEFAULT_X->HL_Hierarchical_Level_S3->PWK_Paperwork_S11->_67_Identification_Code_E6,X12_00401_856->HLLoop1->PWK->PWK06
ASC_X12_856_004_010_DEFAULT_X->HL_Hierarchical_Level_S3->PWK_Paperwork_S11->_352_Description_E7,X12_00401_856->HLLoop1->PWK->PWK07
ASC_X12_856_004_010_DEFAULT_X->HL_Hierarchical_Level_S3->PWK_Paperwork_S11->_704_Paperwork_Report_Action_Code_E8_COMP->_704_Paperwork_Report_Action_Code_E8,X12_00401_856->HLLoop1->PWK->C002->C00201
ASC_X12_856_004_010_DEFAULT_X->HL_Hierarchical_Level_S3->PWK_Paperwork_S11->_704_Paperwork_Report_Action_Code_E8_COMP->_704_Paperwork_Report_Action_Code_E9,X12_00401_856->HLLoop1->PWK->C002->C00202
ASC_X12_856_004_010_DEFAULT_X->HL_Hierarchical_Level_S3->PWK_Paperwork_S11->_704_Paperwork_Report_Action_Code_E8_COMP->_704_Paperwork_Report_Action_Code_E10,X12_00401_856->HLLoop1->PWK->C002->C00203
ASC_X12_856_004_010_DEFAULT_X->HL_Hierarchical_Level_S3->PWK_Paperwork_S11->_704_Paperwork_Report_Action_Code_E8_COMP->_704_Paperwork_Report_Action_Code_E11,X12_00401_856->HLLoop1->PWK->C002->C00204
ASC_X12_856_004_010_DEFAULT_X->HL_Hierarchical_Level_S3->PWK_Paperwork_S11->_704_Paperwork_Report_Action_Code_E8_COMP->_704_Paperwork_Report_Action_Code_E12,X12_00401_856->HLLoop1->PWK->C002->C00205
ASC_X12_856_004_010_DEFAULT_X->HL_Hierarchical_Level_S3->PWK_Paperwork_S11->_1525_Request_Category_Code_E13,X12_00401_856->HLLoop1->PWK->PWK09
ASC_X12_856_004_010_DEFAULT_X->HL_Hierarchical_Level_S3->PKG_Marking__Packaging__Loading_S12->_349_Item_Description_Type_E1,X12_00401_856->HLLoop1->PKG->PKG01
ASC_X12_856_004_010_DEFAULT_X->HL_Hierarchical_Level_S3->PKG_Marking__Packaging__Loading_S12->_753_Packaging_Characteristic_Code_E2,X12_00401_856->HLLoop1->PKG->PKG02
ASC_X12_856_004_010_DEFAULT_X->HL_Hierarchical_Level_S3->PKG_Marking__Packaging__Loading_S12->_559_Agency_Qualifier_Code_E3,X12_00401_856->HLLoop1->PKG->PKG03
ASC_X12_856_004_010_DEFAULT_X->HL_Hierarchical_Level_S3->PKG_Marking__Packaging__Loading_S12->_754_Packaging_Description_Code_E4,X12_00401_856->HLLoop1->PKG->PKG04
ASC_X12_856_004_010_DEFAULT_X->HL_Hierarchical_Level_S3->PKG_Marking__Packaging__Loading_S12->_352_Description_E5,X12_00401_856->HLLoop1->PKG->PKG05
ASC_X12_856_004_010_DEFAULT_X->HL_Hierarchical_Level_S3->PKG_Marking__Packaging__Loading_S12->_400_Unit_Load_Option_Code_E6,X12_00401_856->HLLoop1->PKG->PKG06
ASC_X12_856_004_010_DEFAULT_X->HL_Hierarchical_Level_S3->TD1_Carrier_Details__Quantity_and_Weigh_S13->_103_Packaging_Code_E1,X12_00401_856->HLLoop1->TD1->TD101
ASC_X12_856_004_010_DEFAULT_X->HL_Hierarchical_Level_S3->TD1_Carrier_Details__Quantity_and_Weigh_S13->_80_Lading_Quantity_E2,X12_00401_856->HLLoop1->TD1->TD102
ASC_X12_856_004_010_DEFAULT_X->HL_Hierarchical_Level_S3->TD1_Carrier_Details__Quantity_and_Weigh_S13->_23_Commodity_Code_Qualifier_E3,X12_00401_856->HLLoop1->TD1->TD103
ASC_X12_856_004_010_DEFAULT_X->HL_Hierarchical_Level_S3->TD1_Carrier_Details__Quantity_and_Weigh_S13->_22_Commodity_Code_E4,X12_00401_856->HLLoop1->TD1->TD104
ASC_X12_856_004_010_DEFAULT_X->HL_Hierarchical_Level_S3->TD1_Carrier_Details__Quantity_and_Weigh_S13->_79_Lading_Description_E5,X12_00401_856->HLLoop1->TD1->TD105
ASC_X12_856_004_010_DEFAULT_X->HL_Hierarchical_Level_S3->TD1_Carrier_Details__Quantity_and_Weigh_S13->_187_Weight_Qualifier_E6,X12_00401_856->HLLoop1->TD1->TD106
ASC_X12_856_004_010_DEFAULT_X->HL_Hierarchical_Level_S3->TD1_Carrier_Details__Quantity_and_Weigh_S13->_81_Weight_E7,X12_00401_856->HLLoop1->TD1->TD107
ASC_X12_856_004_010_DEFAULT_X->HL_Hierarchical_Level_S3->TD1_Carrier_Details__Quantity_and_Weigh_S13->_355_Unit_or_Basis_for_Measurement_Code_E8,X12_00401_856->HLLoop1->TD1->TD108
ASC_X12_856_004_010_DEFAULT_X->HL_Hierarchical_Level_S3->TD1_Carrier_Details__Quantity_and_Weigh_S13->_183_Volume_E9,X12_00401_856->HLLoop1->TD1->TD109
ASC_X12_856_004_010_DEFAULT_X->HL_Hierarchical_Level_S3->TD1_Carrier_Details__Quantity_and_Weigh_S13->_355_Unit_or_Basis_for_Measurement_Code_E10,X12_00401_856->HLLoop1->TD1->TD110
ASC_X12_856_004_010_DEFAULT_X->HL_Hierarchical_Level_S3->TD5_Carrier_Details__Routing_Sequence_T_S14->_133_Routing_Sequence_Code_E1,X12_00401_856->HLLoop1->TD5->TD501
ASC_X12_856_004_010_DEFAULT_X->HL_Hierarchical_Level_S3->TD5_Carrier_Details__Routing_Sequence_T_S14->_66_Identification_Code_Qualifier_E2,X12_00401_856->HLLoop1->TD5->TD502
ASC_X12_856_004_010_DEFAULT_X->HL_Hierarchical_Level_S3->TD5_Carrier_Details__Routing_Sequence_T_S14->_67_Identification_Code_E3,X12_00401_856->HLLoop1->TD5->TD503
ASC_X12_856_004_010_DEFAULT_X->HL_Hierarchical_Level_S3->TD5_Carrier_Details__Routing_Sequence_T_S14->_91_Transportation_Method_Type_Code_E4,X12_00401_856->HLLoop1->TD5->TD504
ASC_X12_856_004_010_DEFAULT_X->HL_Hierarchical_Level_S3->TD5_Carrier_Details__Routing_Sequence_T_S14->_387_Routing_E5,X12_00401_856->HLLoop1->TD5->TD505
ASC_X12_856_004_010_DEFAULT_X->HL_Hierarchical_Level_S3->TD5_Carrier_Details__Routing_Sequence_T_S14->_368_Shipment_Order_Status_Code_E6,X12_00401_856->HLLoop1->TD5->TD506
ASC_X12_856_004_010_DEFAULT_X->HL_Hierarchical_Level_S3->TD5_Carrier_Details__Routing_Sequence_T_S14->_309_Location_Qualifier_E7,X12_00401_856->HLLoop1->TD5->TD507
ASC_X12_856_004_010_DEFAULT_X->HL_Hierarchical_Level_S3->TD5_Carrier_Details__Routing_Sequence_T_S14->_310_Location_Identifier_E8,X12_00401_856->HLLoop1->TD5->TD508
ASC_X12_856_004_010_DEFAULT_X->HL_Hierarchical_Level_S3->TD5_Carrier_Details__Routing_Sequence_T_S14->_731_Transit_Direction_Code_E9,X12_00401_856->HLLoop1->TD5->TD509
ASC_X12_856_004_010_DEFAULT_X->HL_Hierarchical_Level_S3->TD5_Carrier_Details__Routing_Sequence_T_S14->_732_Transit_Time_Direction_Qualifier_E10,X12_00401_856->HLLoop1->TD5->TD510
ASC_X12_856_004_010_DEFAULT_X->HL_Hierarchical_Level_S3->TD5_Carrier_Details__Routing_Sequence_T_S14->_733_Transit_Time_E11,X12_00401_856->HLLoop1->TD5->TD511
ASC_X12_856_004_010_DEFAULT_X->HL_Hierarchical_Level_S3->TD5_Carrier_Details__Routing_Sequence_T_S14->_284_Service_Level_Code_E12,X12_00401_856->HLLoop1->TD5->TD512
ASC_X12_856_004_010_DEFAULT_X->HL_Hierarchical_Level_S3->TD5_Carrier_Details__Routing_Sequence_T_S14->_284_Service_Level_Code_E13,X12_00401_856->HLLoop1->TD5->TD513
ASC_X12_856_004_010_DEFAULT_X->HL_Hierarchical_Level_S3->TD5_Carrier_Details__Routing_Sequence_T_S14->_284_Service_Level_Code_E14,X12_00401_856->HLLoop1->TD5->TD514
ASC_X12_856_004_010_DEFAULT_X->HL_Hierarchical_Level_S3->TD5_Carrier_Details__Routing_Sequence_T_S14->_26_Country_Code_E15,X12_00401_856->HLLoop1->TD5->TD515
ASC_X12_856_004_010_DEFAULT_X->HL_Hierarchical_Level_S3->TD3_Carrier_Details__Equipment__S15->_40_Equipment_Description_Code_E1,X12_00401_856->HLLoop1->TD3->TD301
ASC_X12_856_004_010_DEFAULT_X->HL_Hierarchical_Level_S3->TD3_Carrier_Details__Equipment__S15->_206_Equipment_Initial_E2,X12_00401_856->HLLoop1->TD3->TD302
ASC_X12_856_004_010_DEFAULT_X->HL_Hierarchical_Level_S3->TD3_Carrier_Details__Equipment__S15->_207_Equipment_Number_E3,X12_00401_856->HLLoop1->TD3->TD303
ASC_X12_856_004_010_DEFAULT_X->HL_Hierarchical_Level_S3->TD3_Carrier_Details__Equipment__S15->_187_Weight_Qualifier_E4,X12_00401_856->HLLoop1->TD3->TD304
ASC_X12_856_004_010_DEFAULT_X->HL_Hierarchical_Level_S3->TD3_Carrier_Details__Equipment__S15->_81_Weight_E5,X12_00401_856->HLLoop1->TD3->TD305
ASC_X12_856_004_010_DEFAULT_X->HL_Hierarchical_Level_S3->TD3_Carrier_Details__Equipment__S15->_355_Unit_or_Basis_for_Measurement_Code_E6,X12_00401_856->HLLoop1->TD3->TD306
ASC_X12_856_004_010_DEFAULT_X->HL_Hierarchical_Level_S3->TD3_Carrier_Details__Equipment__S15->_102_Ownership_Code_E7,X12_00401_856->HLLoop1->TD3->TD307
ASC_X12_856_004_010_DEFAULT_X->HL_Hierarchical_Level_S3->TD3_Carrier_Details__Equipment__S15->_407_Seal_Status_Code_E8,X12_00401_856->HLLoop1->TD3->TD308
ASC_X12_856_004_010_DEFAULT_X->HL_Hierarchical_Level_S3->TD3_Carrier_Details__Equipment__S15->_225_Seal_Number_E9,X12_00401_856->HLLoop1->TD3->TD309
ASC_X12_856_004_010_DEFAULT_X->HL_Hierarchical_Level_S3->TD3_Carrier_Details__Equipment__S15->_24_Equipment_Type_E10,X12_00401_856->HLLoop1->TD3->TD310
ASC_X12_856_004_010_DEFAULT_X->HL_Hierarchical_Level_S3->TD4_Carrier_Details__Special_Handling__S16->_152_Special_Handling_Code_E1,X12_00401_856->HLLoop1->TD4->TD401
ASC_X12_856_004_010_DEFAULT_X->HL_Hierarchical_Level_S3->TD4_Carrier_Details__Special_Handling__S16->_208_Hazardous_Material_Code_Qualifier_E2,X12_00401_856->HLLoop1->TD4->TD402
ASC_X12_856_004_010_DEFAULT_X->HL_Hierarchical_Level_S3->TD4_Carrier_Details__Special_Handling__S16->_209_Hazardous_Material_Class_Code_E3,X12_00401_856->HLLoop1->TD4->TD403
ASC_X12_856_004_010_DEFAULT_X->HL_Hierarchical_Level_S3->TD4_Carrier_Details__Special_Handling__S16->_352_Description_E4,X12_00401_856->HLLoop1->TD4->TD404
ASC_X12_856_004_010_DEFAULT_X->HL_Hierarchical_Level_S3->TD4_Carrier_Details__Special_Handling__S16->_1073_Yes_No_Condition_or_Response_Code_E5,X12_00401_856->HLLoop1->TD4->TD405
ASC_X12_856_004_010_DEFAULT_X->HL_Hierarchical_Level_S3->TSD_Trailer_Shipment_Details_S17->_350_Assigned_Identification_E1,X12_00401_856->HLLoop1->TSD->TSD01
ASC_X12_856_004_010_DEFAULT_X->HL_Hierarchical_Level_S3->TSD_Trailer_Shipment_Details_S17->_219_Position_E2,X12_00401_856->HLLoop1->TSD->TSD02
ASC_X12_856_004_010_DEFAULT_X->HL_Hierarchical_Level_S3->REF_Reference_Identification__REF__S18->_128_Reference_Identification_Qualifier_E1,X12_00401_856->HLLoop1->REF->REF01
ASC_X12_856_004_010_DEFAULT_X->HL_Hierarchical_Level_S3->REF_Reference_Identification__REF__S18->_127_Reference_Identification_E2,X12_00401_856->HLLoop1->REF->REF02
ASC_X12_856_004_010_DEFAULT_X->HL_Hierarchical_Level_S3->REF_Reference_Identification__REF__S18->_352_Description_E3,X12_00401_856->HLLoop1->REF->REF03
ASC_X12_856_004_010_DEFAULT_X->HL_Hierarchical_Level_S3->REF_Reference_Identification__REF__S18->_128_Reference_Identification_Qualifier_E4_COMP->_128_Reference_Identification_Qualifier_E4,X12_00401_856->HLLoop1->REF->C040->C04001
ASC_X12_856_004_010_DEFAULT_X->HL_Hierarchical_Level_S3->REF_Reference_Identification__REF__S18->_128_Reference_Identification_Qualifier_E4_COMP->_127_Reference_Identification_E5,X12_00401_856->HLLoop1->REF->C040->C04002
ASC_X12_856_004_010_DEFAULT_X->HL_Hierarchical_Level_S3->REF_Reference_Identification__REF__S18->_128_Reference_Identification_Qualifier_E4_COMP->_128_Reference_Identification_Qualifier_E6,X12_00401_856->HLLoop1->REF->C040->C04003
ASC_X12_856_004_010_DEFAULT_X->HL_Hierarchical_Level_S3->REF_Reference_Identification__REF__S18->_128_Reference_Identification_Qualifier_E4_COMP->_127_Reference_Identification_E7,X12_00401_856->HLLoop1->REF->C040->C04004
ASC_X12_856_004_010_DEFAULT_X->HL_Hierarchical_Level_S3->REF_Reference_Identification__REF__S18->_128_Reference_Identification_Qualifier_E4_COMP->_128_Reference_Identification_Qualifier_E8,X12_00401_856->HLLoop1->REF->C040->C04005
ASC_X12_856_004_010_DEFAULT_X->HL_Hierarchical_Level_S3->REF_Reference_Identification__REF__S18->_128_Reference_Identification_Qualifier_E4_COMP->_127_Reference_Identification_E9,X12_00401_856->HLLoop1->REF->C040->C04006
ASC_X12_856_004_010_DEFAULT_X->HL_Hierarchical_Level_S3->PER_Administrative_Communications_Conta_S19->_366_Contact_Function_Code_E1,X12_00401_856->HLLoop1->PER->PER01
ASC_X12_856_004_010_DEFAULT_X->HL_Hierarchical_Level_S3->PER_Administrative_Communications_Conta_S19->_93_Name_E2,X12_00401_856->HLLoop1->PER->PER02
ASC_X12_856_004_010_DEFAULT_X->HL_Hierarchical_Level_S3->PER_Administrative_Communications_Conta_S19->_365_Communication_Number_Qualifier_E3,X12_00401_856->HLLoop1->PER->PER03
ASC_X12_856_004_010_DEFAULT_X->HL_Hierarchical_Level_S3->PER_Administrative_Communications_Conta_S19->_364_Communication_Number_E4,X12_00401_856->HLLoop1->PER->PER04
ASC_X12_856_004_010_DEFAULT_X->HL_Hierarchical_Level_S3->PER_Administrative_Communications_Conta_S19->_365_Communication_Number_Qualifier_E5,X12_00401_856->HLLoop1->PER->PER05
ASC_X12_856_004_010_DEFAULT_X->HL_Hierarchical_Level_S3->PER_Administrative_Communications_Conta_S19->_364_Communication_Number_E6,X12_00401_856->HLLoop1->PER->PER06
ASC_X12_856_004_010_DEFAULT_X->HL_Hierarchical_Level_S3->PER_Administrative_Communications_Conta_S19->_365_Communication_Number_Qualifier_E7,X12_00401_856->HLLoop1->PER->PER07
ASC_X12_856_004_010_DEFAULT_X->HL_Hierarchical_Level_S3->PER_Administrative_Communications_Conta_S19->_364_Communication_Number_E8,X12_00401_856->HLLoop1->PER->PER08
ASC_X12_856_004_010_DEFAULT_X->HL_Hierarchical_Level_S3->PER_Administrative_Communications_Conta_S19->_443_Contact_Inquiry_Reference_E9,X12_00401_856->HLLoop1->PER->PER09
ASC_X12_856_004_010_DEFAULT_X->HL_Hierarchical_Level_S3->LH1_Hazardous_Identification_Informatio_S20->_355_Unit_or_Basis_for_Measurement_Code_E1,X12_00401_856->HLLoop1->LH1Loop1->LH1->LH101
ASC_X12_856_004_010_DEFAULT_X->HL_Hierarchical_Level_S3->LH1_Hazardous_Identification_Informatio_S20->_80_Lading_Quantity_E2,X12_00401_856->HLLoop1->LH1Loop1->LH1->LH102
ASC_X12_856_004_010_DEFAULT_X->HL_Hierarchical_Level_S3->LH1_Hazardous_Identification_Informatio_S20->_277_UN_NA_Identification_Code_E3,X12_00401_856->HLLoop1->LH1Loop1->LH1->LH103
ASC_X12_856_004_010_DEFAULT_X->HL_Hierarchical_Level_S3->LH1_Hazardous_Identification_Informatio_S20->_200_Hazardous_Materials_Page_E4,X12_00401_856->HLLoop1->LH1Loop1->LH1->LH104
ASC_X12_856_004_010_DEFAULT_X->HL_Hierarchical_Level_S3->LH1_Hazardous_Identification_Informatio_S20->_22_Commodity_Code_E5,X12_00401_856->HLLoop1->LH1Loop1->LH1->LH105
ASC_X12_856_004_010_DEFAULT_X->HL_Hierarchical_Level_S3->LH1_Hazardous_Identification_Informatio_S20->_355_Unit_or_Basis_for_Measurement_Code_E6,X12_00401_856->HLLoop1->LH1Loop1->LH1->LH106
ASC_X12_856_004_010_DEFAULT_X->HL_Hierarchical_Level_S3->LH1_Hazardous_Identification_Informatio_S20->_380_Quantity_E7,X12_00401_856->HLLoop1->LH1Loop1->LH1->LH107
ASC_X12_856_004_010_DEFAULT_X->HL_Hierarchical_Level_S3->LH1_Hazardous_Identification_Informatio_S20->_595_Compartment_ID_Code_E8,X12_00401_856->HLLoop1->LH1Loop1->LH1->LH108
ASC_X12_856_004_010_DEFAULT_X->HL_Hierarchical_Level_S3->LH1_Hazardous_Identification_Informatio_S20->_665_Residue_Indicator_Code_E9,X12_00401_856->HLLoop1->LH1Loop1->LH1->LH109
ASC_X12_856_004_010_DEFAULT_X->HL_Hierarchical_Level_S3->LH1_Hazardous_Identification_Informatio_S20->_254_Packing_Group_Code_E10,X12_00401_856->HLLoop1->LH1Loop1->LH1->LH110
ASC_X12_856_004_010_DEFAULT_X->HL_Hierarchical_Level_S3->LH1_Hazardous_Identification_Informatio_S20->_1375_Interim_Hazardous_Material_Regulato_E11,X12_00401_856->HLLoop1->LH1Loop1->LH1->LH111
ASC_X12_856_004_010_DEFAULT_X->HL_Hierarchical_Level_S3->LH1_Hazardous_Identification_Informatio_S20->LH2_Hazardous_Classification_Informatio_S21->_215_Hazardous_Classification_E1,X12_00401_856->HLLoop1->LH1Loop1->LH2->LH201
ASC_X12_856_004_010_DEFAULT_X->HL_Hierarchical_Level_S3->LH1_Hazardous_Identification_Informatio_S20->LH2_Hazardous_Classification_Informatio_S21->_983_Hazardous_Class_Qualifier_E2,X12_00401_856->HLLoop1->LH1Loop1->LH2->LH202
ASC_X12_856_004_010_DEFAULT_X->HL_Hierarchical_Level_S3->LH1_Hazardous_Identification_Informatio_S20->LH2_Hazardous_Classification_Informatio_S21->_218_Hazardous_Placard_Notation_E3,X12_00401_856->HLLoop1->LH1Loop1->LH2->LH203
ASC_X12_856_004_010_DEFAULT_X->HL_Hierarchical_Level_S3->LH1_Hazardous_Identification_Informatio_S20->LH2_Hazardous_Classification_Informatio_S21->_222_Hazardous_Endorsement_E4,X12_00401_856->HLLoop1->LH1Loop1->LH2->LH204
ASC_X12_856_004_010_DEFAULT_X->HL_Hierarchical_Level_S3->LH1_Hazardous_Identification_Informatio_S20->LH2_Hazardous_Classification_Informatio_S21->_759_Reportable_Quantity_Code_E5,X12_00401_856->HLLoop1->LH1Loop1->LH2->LH205
ASC_X12_856_004_010_DEFAULT_X->HL_Hierarchical_Level_S3->LH1_Hazardous_Identification_Informatio_S20->LH2_Hazardous_Classification_Informatio_S21->_355_Unit_or_Basis_for_Measurement_Code_E6,X12_00401_856->HLLoop1->LH1Loop1->LH2->LH206
ASC_X12_856_004_010_DEFAULT_X->HL_Hierarchical_Level_S3->LH1_Hazardous_Identification_Informatio_S20->LH2_Hazardous_Classification_Informatio_S21->_408_Temperature_E7,X12_00401_856->HLLoop1->LH1Loop1->LH2->LH207
ASC_X12_856_004_010_DEFAULT_X->HL_Hierarchical_Level_S3->LH1_Hazardous_Identification_Informatio_S20->LH2_Hazardous_Classification_Informatio_S21->_355_Unit_or_Basis_for_Measurement_Code_E8,X12_00401_856->HLLoop1->LH1Loop1->LH2->LH208
ASC_X12_856_004_010_DEFAULT_X->HL_Hierarchical_Level_S3->LH1_Hazardous_Identification_Informatio_S20->LH2_Hazardous_Classification_Informatio_S21->_408_Temperature_E9,X12_00401_856->HLLoop1->LH1Loop1->LH2->LH209
ASC_X12_856_004_010_DEFAULT_X->HL_Hierarchical_Level_S3->LH1_Hazardous_Identification_Informatio_S20->LH2_Hazardous_Classification_Informatio_S21->_355_Unit_or_Basis_for_Measurement_Code_E10,X12_00401_856->HLLoop1->LH1Loop1->LH2->LH210
ASC_X12_856_004_010_DEFAULT_X->HL_Hierarchical_Level_S3->LH1_Hazardous_Identification_Informatio_S20->LH2_Hazardous_Classification_Informatio_S21->_408_Temperature_E11,X12_00401_856->HLLoop1->LH1Loop1->LH2->LH211
ASC_X12_856_004_010_DEFAULT_X->HL_Hierarchical_Level_S3->LH1_Hazardous_Identification_Informatio_S20->LH3_Hazardous_Material_Shipping_Name_S22->_224_Hazardous_Material_Shipping_Name_E1,X12_00401_856->HLLoop1->LH1Loop1->LH3->LH301
ASC_X12_856_004_010_DEFAULT_X->HL_Hierarchical_Level_S3->LH1_Hazardous_Identification_Informatio_S20->LH3_Hazardous_Material_Shipping_Name_S22->_984_Hazardous_Material_Shipping_Name_Qu_E2,X12_00401_856->HLLoop1->LH1Loop1->LH3->LH302
ASC_X12_856_004_010_DEFAULT_X->HL_Hierarchical_Level_S3->LH1_Hazardous_Identification_Informatio_S20->LH3_Hazardous_Material_Shipping_Name_S22->_985_N.O.S._Indicator_Code_E3,X12_00401_856->HLLoop1->LH1Loop1->LH3->LH303
ASC_X12_856_004_010_DEFAULT_X->HL_Hierarchical_Level_S3->LH1_Hazardous_Identification_Informatio_S20->LH3_Hazardous_Material_Shipping_Name_S22->_1073_Yes_No_Condition_or_Response_Code_E4,X12_00401_856->HLLoop1->LH1Loop1->LH3->LH304
ASC_X12_856_004_010_DEFAULT_X->HL_Hierarchical_Level_S3->LH1_Hazardous_Identification_Informatio_S20->LFH_Freeform_Hazardous_Material_Informa_S23->_808_Hazardous_Material_Shipment_Informa_E1,X12_00401_856->HLLoop1->LH1Loop1->LFH->LFH01
ASC_X12_856_004_010_DEFAULT_X->HL_Hierarchical_Level_S3->LH1_Hazardous_Identification_Informatio_S20->LFH_Freeform_Hazardous_Material_Informa_S23->_809_Hazardous_Material_Shipment_I__809__E2,X12_00401_856->HLLoop1->LH1Loop1->LFH->LFH02
ASC_X12_856_004_010_DEFAULT_X->HL_Hierarchical_Level_S3->LH1_Hazardous_Identification_Informatio_S20->LFH_Freeform_Hazardous_Material_Informa_S23->_809_Hazardous_Material_Shipment_I__809__E3,X12_00401_856->HLLoop1->LH1Loop1->LFH->LFH03
ASC_X12_856_004_010_DEFAULT_X->HL_Hierarchical_Level_S3->LH1_Hazardous_Identification_Informatio_S20->LFH_Freeform_Hazardous_Material_Informa_S23->_1023_Hazard_Zone_Code_E4,X12_00401_856->HLLoop1->LH1Loop1->LFH->LFH04
ASC_X12_856_004_010_DEFAULT_X->HL_Hierarchical_Level_S3->LH1_Hazardous_Identification_Informatio_S20->LFH_Freeform_Hazardous_Material_Informa_S23->_355_Unit_or_Basis_for_Measurement_Code_E5,X12_00401_856->HLLoop1->LH1Loop1->LFH->LFH05
ASC_X12_856_004_010_DEFAULT_X->HL_Hierarchical_Level_S3->LH1_Hazardous_Identification_Informatio_S20->LFH_Freeform_Hazardous_Material_Informa_S23->_380_Quantity_E6,X12_00401_856->HLLoop1->LH1Loop1->LFH->LFH06
ASC_X12_856_004_010_DEFAULT_X->HL_Hierarchical_Level_S3->LH1_Hazardous_Identification_Informatio_S20->LFH_Freeform_Hazardous_Material_Informa_S23->_380_Quantity_E7,X12_00401_856->HLLoop1->LH1Loop1->LFH->LFH07
ASC_X12_856_004_010_DEFAULT_X->HL_Hierarchical_Level_S3->LH1_Hazardous_Identification_Informatio_S20->LEP_EPA_Required_Data_S24->_806_EPA_Waste_Stream_Number_Code_E1,X12_00401_856->HLLoop1->LH1Loop1->LEP->LEP01
ASC_X12_856_004_010_DEFAULT_X->HL_Hierarchical_Level_S3->LH1_Hazardous_Identification_Informatio_S20->LEP_EPA_Required_Data_S24->_807_Waste_Characteristics_Code_E2,X12_00401_856->HLLoop1->LH1Loop1->LEP->LEP02
ASC_X12_856_004_010_DEFAULT_X->HL_Hierarchical_Level_S3->LH1_Hazardous_Identification_Informatio_S20->LEP_EPA_Required_Data_S24->_156_State_or_Province_Code_E3,X12_00401_856->HLLoop1->LH1Loop1->LEP->LEP03
ASC_X12_856_004_010_DEFAULT_X->HL_Hierarchical_Level_S3->LH1_Hazardous_Identification_Informatio_S20->LEP_EPA_Required_Data_S24->_127_Reference_Identification_E4,X12_00401_856->HLLoop1->LH1Loop1->LEP->LEP04
ASC_X12_856_004_010_DEFAULT_X->HL_Hierarchical_Level_S3->LH1_Hazardous_Identification_Informatio_S20->LH4_Canadian_Dangerous_Requirements_S25->_238_Emergency_Response_Plan_Number_E1,X12_00401_856->HLLoop1->LH1Loop1->LH4->LH401
ASC_X12_856_004_010_DEFAULT_X->HL_Hierarchical_Level_S3->LH1_Hazardous_Identification_Informatio_S20->LH4_Canadian_Dangerous_Requirements_S25->_364_Communication_Number_E2,X12_00401_856->HLLoop1->LH1Loop1->LH4->LH402
ASC_X12_856_004_010_DEFAULT_X->HL_Hierarchical_Level_S3->LH1_Hazardous_Identification_Informatio_S20->LH4_Canadian_Dangerous_Requirements_S25->_254_Packing_Group_Code_E3,X12_00401_856->HLLoop1->LH1Loop1->LH4->LH403
ASC_X12_856_004_010_DEFAULT_X->HL_Hierarchical_Level_S3->LH1_Hazardous_Identification_Informatio_S20->LH4_Canadian_Dangerous_Requirements_S25->_230_Subsidiary_Classification_E4,X12_00401_856->HLLoop1->LH1Loop1->LH4->LH404
ASC_X12_856_004_010_DEFAULT_X->HL_Hierarchical_Level_S3->LH1_Hazardous_Identification_Informatio_S20->LH4_Canadian_Dangerous_Requirements_S25->_230_Subsidiary_Classification_E5,X12_00401_856->HLLoop1->LH1Loop1->LH4->LH405
ASC_X12_856_004_010_DEFAULT_X->HL_Hierarchical_Level_S3->LH1_Hazardous_Identification_Informatio_S20->LH4_Canadian_Dangerous_Requirements_S25->_230_Subsidiary_Classification_E6,X12_00401_856->HLLoop1->LH1Loop1->LH4->LH406
ASC_X12_856_004_010_DEFAULT_X->HL_Hierarchical_Level_S3->LH1_Hazardous_Identification_Informatio_S20->LH4_Canadian_Dangerous_Requirements_S25->_271_Subsidiary_Risk_Indicator_E7,X12_00401_856->HLLoop1->LH1Loop1->LH4->LH407
ASC_X12_856_004_010_DEFAULT_X->HL_Hierarchical_Level_S3->LH1_Hazardous_Identification_Informatio_S20->LH4_Canadian_Dangerous_Requirements_S25->_267_Net_Explosive_Quantity_E8,X12_00401_856->HLLoop1->LH1Loop1->LH4->LH408
ASC_X12_856_004_010_DEFAULT_X->HL_Hierarchical_Level_S3->LH1_Hazardous_Identification_Informatio_S20->LH4_Canadian_Dangerous_Requirements_S25->_805_Canadian_Hazardous_Notation_E9,X12_00401_856->HLLoop1->LH1Loop1->LH4->LH409
ASC_X12_856_004_010_DEFAULT_X->HL_Hierarchical_Level_S3->LH1_Hazardous_Identification_Informatio_S20->LH4_Canadian_Dangerous_Requirements_S25->_986_Special_Commodity_Indicator_Code_E10,X12_00401_856->HLLoop1->LH1Loop1->LH4->LH410
ASC_X12_856_004_010_DEFAULT_X->HL_Hierarchical_Level_S3->LH1_Hazardous_Identification_Informatio_S20->LH4_Canadian_Dangerous_Requirements_S25->_364_Communication_Number_E11,X12_00401_856->HLLoop1->LH1Loop1->LH4->LH411
ASC_X12_856_004_010_DEFAULT_X->HL_Hierarchical_Level_S3->LH1_Hazardous_Identification_Informatio_S20->LH4_Canadian_Dangerous_Requirements_S25->_355_Unit_or_Basis_for_Measurement_Code_E12,X12_00401_856->HLLoop1->LH1Loop1->LH4->LH412
ASC_X12_856_004_010_DEFAULT_X->HL_Hierarchical_Level_S3->LH1_Hazardous_Identification_Informatio_S20->LHT_Transborder_Hazardous_Requirements_S26->_215_Hazardous_Classification_E1,X12_00401_856->HLLoop1->LH1Loop1->LHT->LHT01
ASC_X12_856_004_010_DEFAULT_X->HL_Hierarchical_Level_S3->LH1_Hazardous_Identification_Informatio_S20->LHT_Transborder_Hazardous_Requirements_S26->_218_Hazardous_Placard_Notation_E2,X12_00401_856->HLLoop1->LH1Loop1->LHT->LHT02
ASC_X12_856_004_010_DEFAULT_X->HL_Hierarchical_Level_S3->LH1_Hazardous_Identification_Informatio_S20->LHT_Transborder_Hazardous_Requirements_S26->_222_Hazardous_Endorsement_E3,X12_00401_856->HLLoop1->LH1Loop1->LHT->LHT03
ASC_X12_856_004_010_DEFAULT_X->HL_Hierarchical_Level_S3->LH1_Hazardous_Identification_Informatio_S20->LHR_Hazardous_Material_Identifying_Refe_S27->_128_Reference_Identification_Qualifier_E1,X12_00401_856->HLLoop1->LH1Loop1->LHR->LHR01
ASC_X12_856_004_010_DEFAULT_X->HL_Hierarchical_Level_S3->LH1_Hazardous_Identification_Informatio_S20->LHR_Hazardous_Material_Identifying_Refe_S27->_127_Reference_Identification_E2,X12_00401_856->HLLoop1->LH1Loop1->LHR->LHR02
ASC_X12_856_004_010_DEFAULT_X->HL_Hierarchical_Level_S3->LH1_Hazardous_Identification_Informatio_S20->PER_Administrative_Communications_Conta_S28->_366_Contact_Function_Code_E1,X12_00401_856->HLLoop1->LH1Loop1->PER_2->PER01
ASC_X12_856_004_010_DEFAULT_X->HL_Hierarchical_Level_S3->LH1_Hazardous_Identification_Informatio_S20->PER_Administrative_Communications_Conta_S28->_93_Name_E2,X12_00401_856->HLLoop1->LH1Loop1->PER_2->PER02
ASC_X12_856_004_010_DEFAULT_X->HL_Hierarchical_Level_S3->LH1_Hazardous_Identification_Informatio_S20->PER_Administrative_Communications_Conta_S28->_365_Communication_Number_Qualifier_E3,X12_00401_856->HLLoop1->LH1Loop1->PER_2->PER03
ASC_X12_856_004_010_DEFAULT_X->HL_Hierarchical_Level_S3->LH1_Hazardous_Identification_Informatio_S20->PER_Administrative_Communications_Conta_S28->_364_Communication_Number_E4,X12_00401_856->HLLoop1->LH1Loop1->PER_2->PER04
ASC_X12_856_004_010_DEFAULT_X->HL_Hierarchical_Level_S3->LH1_Hazardous_Identification_Informatio_S20->PER_Administrative_Communications_Conta_S28->_365_Communication_Number_Qualifier_E5,X12_00401_856->HLLoop1->LH1Loop1->PER_2->PER05
ASC_X12_856_004_010_DEFAULT_X->HL_Hierarchical_Level_S3->LH1_Hazardous_Identification_Informatio_S20->PER_Administrative_Communications_Conta_S28->_364_Communication_Number_E6,X12_00401_856->HLLoop1->LH1Loop1->PER_2->PER06
ASC_X12_856_004_010_DEFAULT_X->HL_Hierarchical_Level_S3->LH1_Hazardous_Identification_Informatio_S20->PER_Administrative_Communications_Conta_S28->_365_Communication_Number_Qualifier_E7,X12_00401_856->HLLoop1->LH1Loop1->PER_2->PER07
ASC_X12_856_004_010_DEFAULT_X->HL_Hierarchical_Level_S3->LH1_Hazardous_Identification_Informatio_S20->PER_Administrative_Communications_Conta_S28->_364_Communication_Number_E8,X12_00401_856->HLLoop1->LH1Loop1->PER_2->PER08
ASC_X12_856_004_010_DEFAULT_X->HL_Hierarchical_Level_S3->LH1_Hazardous_Identification_Informatio_S20->PER_Administrative_Communications_Conta_S28->_443_Contact_Inquiry_Reference_E9,X12_00401_856->HLLoop1->LH1Loop1->PER_2->PER09
ASC_X12_856_004_010_DEFAULT_X->HL_Hierarchical_Level_S3->LH1_Hazardous_Identification_Informatio_S20->LHE_Empty_Equipment_Hazardous_Material_S29->_224_Hazardous_Material_Shipping_Name_E1,X12_00401_856->HLLoop1->LH1Loop1->LHE->LHE01
ASC_X12_856_004_010_DEFAULT_X->HL_Hierarchical_Level_S3->LH1_Hazardous_Identification_Informatio_S20->LHE_Empty_Equipment_Hazardous_Material_S29->_218_Hazardous_Placard_Notation_E2,X12_00401_856->HLLoop1->LH1Loop1->LHE->LHE02
ASC_X12_856_004_010_DEFAULT_X->HL_Hierarchical_Level_S3->LH1_Hazardous_Identification_Informatio_S20->LHE_Empty_Equipment_Hazardous_Material_S29->_128_Reference_Identification_Qualifier_E3,X12_00401_856->HLLoop1->LH1Loop1->LHE->LHE03
ASC_X12_856_004_010_DEFAULT_X->HL_Hierarchical_Level_S3->LH1_Hazardous_Identification_Informatio_S20->LHE_Empty_Equipment_Hazardous_Material_S29->_127_Reference_Identification_E4,X12_00401_856->HLLoop1->LH1Loop1->LHE->LHE04
ASC_X12_856_004_010_DEFAULT_X->HL_Hierarchical_Level_S3->LH1_Hazardous_Identification_Informatio_S20->LHE_Empty_Equipment_Hazardous_Material_S29->_759_Reportable_Quantity_Code_E5,X12_00401_856->HLLoop1->LH1Loop1->LHE->LHE05
ASC_X12_856_004_010_DEFAULT_X->HL_Hierarchical_Level_S3->CLD_Load_Detail_S30->_622_Number_of_Loads_E1,X12_00401_856->HLLoop1->CLDLoop1->CLD->CLD01
ASC_X12_856_004_010_DEFAULT_X->HL_Hierarchical_Level_S3->CLD_Load_Detail_S30->_382_Number_of_Units_Shipped_E2,X12_00401_856->HLLoop1->CLDLoop1->CLD->CLD02
ASC_X12_856_004_010_DEFAULT_X->HL_Hierarchical_Level_S3->CLD_Load_Detail_S30->_103_Packaging_Code_E3,X12_00401_856->HLLoop1->CLDLoop1->CLD->CLD03
ASC_X12_856_004_010_DEFAULT_X->HL_Hierarchical_Level_S3->CLD_Load_Detail_S30->_357_Size_E4,X12_00401_856->HLLoop1->CLDLoop1->CLD->CLD04
ASC_X12_856_004_010_DEFAULT_X->HL_Hierarchical_Level_S3->CLD_Load_Detail_S30->_355_Unit_or_Basis_for_Measurement_Code_E5,X12_00401_856->HLLoop1->CLDLoop1->CLD->CLD05
ASC_X12_856_004_010_DEFAULT_X->HL_Hierarchical_Level_S3->CLD_Load_Detail_S30->REF_Reference_Identification__REF__S31->_128_Reference_Identification_Qualifier_E1,X12_00401_856->HLLoop1->CLDLoop1->REF_2->REF01
ASC_X12_856_004_010_DEFAULT_X->HL_Hierarchical_Level_S3->CLD_Load_Detail_S30->REF_Reference_Identification__REF__S31->_127_Reference_Identification_E2,X12_00401_856->HLLoop1->CLDLoop1->REF_2->REF02
ASC_X12_856_004_010_DEFAULT_X->HL_Hierarchical_Level_S3->CLD_Load_Detail_S30->REF_Reference_Identification__REF__S31->_352_Description_E3,X12_00401_856->HLLoop1->CLDLoop1->REF_2->REF03
ASC_X12_856_004_010_DEFAULT_X->HL_Hierarchical_Level_S3->CLD_Load_Detail_S30->REF_Reference_Identification__REF__S31->_128_Reference_Identification_Qualifier_E4_COMP->_128_Reference_Identification_Qualifier_E4,X12_00401_856->HLLoop1->CLDLoop1->REF_2->C040_2->C04001
ASC_X12_856_004_010_DEFAULT_X->HL_Hierarchical_Level_S3->CLD_Load_Detail_S30->REF_Reference_Identification__REF__S31->_128_Reference_Identification_Qualifier_E4_COMP->_127_Reference_Identification_E5,X12_00401_856->HLLoop1->CLDLoop1->REF_2->C040_2->C04002
ASC_X12_856_004_010_DEFAULT_X->HL_Hierarchical_Level_S3->CLD_Load_Detail_S30->REF_Reference_Identification__REF__S31->_128_Reference_Identification_Qualifier_E4_COMP->_128_Reference_Identification_Qualifier_E6,X12_00401_856->HLLoop1->CLDLoop1->REF_2->C040_2->C04003
ASC_X12_856_004_010_DEFAULT_X->HL_Hierarchical_Level_S3->CLD_Load_Detail_S30->REF_Reference_Identification__REF__S31->_128_Reference_Identification_Qualifier_E4_COMP->_127_Reference_Identification_E7,X12_00401_856->HLLoop1->CLDLoop1->REF_2->C040_2->C04004
ASC_X12_856_004_010_DEFAULT_X->HL_Hierarchical_Level_S3->CLD_Load_Detail_S30->REF_Reference_Identification__REF__S31->_128_Reference_Identification_Qualifier_E4_COMP->_128_Reference_Identification_Qualifier_E8,X12_00401_856->HLLoop1->CLDLoop1->REF_2->C040_2->C04005
ASC_X12_856_004_010_DEFAULT_X->HL_Hierarchical_Level_S3->CLD_Load_Detail_S30->REF_Reference_Identification__REF__S31->_128_Reference_Identification_Qualifier_E4_COMP->_127_Reference_Identification_E9,X12_00401_856->HLLoop1->CLDLoop1->REF_2->C040_2->C04006
ASC_X12_856_004_010_DEFAULT_X->HL_Hierarchical_Level_S3->CLD_Load_Detail_S30->DTP_Date_or_Time_or_Period_S32->_374_Date_Time_Qualifier_E1,X12_00401_856->HLLoop1->CLDLoop1->DTP->DTP01
ASC_X12_856_004_010_DEFAULT_X->HL_Hierarchical_Level_S3->CLD_Load_Detail_S30->DTP_Date_or_Time_or_Period_S32->_1250_Date_Time_Period_Format_Qualifier_E2,X12_00401_856->HLLoop1->CLDLoop1->DTP->DTP02
ASC_X12_856_004_010_DEFAULT_X->HL_Hierarchical_Level_S3->CLD_Load_Detail_S30->DTP_Date_or_Time_or_Period_S32->_1251_Date_Time_Period_E3,X12_00401_856->HLLoop1->CLDLoop1->DTP->DTP03
ASC_X12_856_004_010_DEFAULT_X->HL_Hierarchical_Level_S3->MAN_Marks_and_Numbers_S33->_88_Marks_and_Numbers_Qualifier_E1,X12_00401_856->HLLoop1->MAN->MAN01
ASC_X12_856_004_010_DEFAULT_X->HL_Hierarchical_Level_S3->MAN_Marks_and_Numbers_S33->_87_Marks_and_Numbers_E2,X12_00401_856->HLLoop1->MAN->MAN02
ASC_X12_856_004_010_DEFAULT_X->HL_Hierarchical_Level_S3->MAN_Marks_and_Numbers_S33->_87_Marks_and_Numbers_E3,X12_00401_856->HLLoop1->MAN->MAN03
ASC_X12_856_004_010_DEFAULT_X->HL_Hierarchical_Level_S3->MAN_Marks_and_Numbers_S33->_88_Marks_and_Numbers_Qualifier_E4,X12_00401_856->HLLoop1->MAN->MAN04
ASC_X12_856_004_010_DEFAULT_X->HL_Hierarchical_Level_S3->MAN_Marks_and_Numbers_S33->_87_Marks_and_Numbers_E5,X12_00401_856->HLLoop1->MAN->MAN05
ASC_X12_856_004_010_DEFAULT_X->HL_Hierarchical_Level_S3->MAN_Marks_and_Numbers_S33->_87_Marks_and_Numbers_E6,X12_00401_856->HLLoop1->MAN->MAN06
ASC_X12_856_004_010_DEFAULT_X->HL_Hierarchical_Level_S3->DTM_Date_Time_Reference_S34->_374_Date_Time_Qualifier_E1,X12_00401_856->HLLoop1->DTM_2->DTM01
ASC_X12_856_004_010_DEFAULT_X->HL_Hierarchical_Level_S3->DTM_Date_Time_Reference_S34->_337_Time_E3,X12_00401_856->HLLoop1->DTM_2->DTM03
ASC_X12_856_004_010_DEFAULT_X->HL_Hierarchical_Level_S3->DTM_Date_Time_Reference_S34->_623_Time_Code_E4,X12_00401_856->HLLoop1->DTM_2->DTM04
ASC_X12_856_004_010_DEFAULT_X->HL_Hierarchical_Level_S3->DTM_Date_Time_Reference_S34->_1250_Date_Time_Period_Format_Qualifier_E5,X12_00401_856->HLLoop1->DTM_2->DTM05
ASC_X12_856_004_010_DEFAULT_X->HL_Hierarchical_Level_S3->DTM_Date_Time_Reference_S34->_1251_Date_Time_Period_E6,X12_00401_856->HLLoop1->DTM_2->DTM06
ASC_X12_856_004_010_DEFAULT_X->HL_Hierarchical_Level_S3->FOB_F.O.B._Related_Instructions_S35->_146_Shipment_Method_of_Payment_E1,X12_00401_856->HLLoop1->FOB->FOB01
ASC_X12_856_004_010_DEFAULT_X->HL_Hierarchical_Level_S3->FOB_F.O.B._Related_Instructions_S35->_309_Location_Qualifier_E2,X12_00401_856->HLLoop1->FOB->FOB02
ASC_X12_856_004_010_DEFAULT_X->HL_Hierarchical_Level_S3->FOB_F.O.B._Related_Instructions_S35->_352_Description_E3,X12_00401_856->HLLoop1->FOB->FOB03
ASC_X12_856_004_010_DEFAULT_X->HL_Hierarchical_Level_S3->FOB_F.O.B._Related_Instructions_S35->_334_Transportation_Terms_Qualifier_Code_E4,X12_00401_856->HLLoop1->FOB->FOB04
ASC_X12_856_004_010_DEFAULT_X->HL_Hierarchical_Level_S3->FOB_F.O.B._Related_Instructions_S35->_335_Transportation_Terms_Code_E5,X12_00401_856->HLLoop1->FOB->FOB05
ASC_X12_856_004_010_DEFAULT_X->HL_Hierarchical_Level_S3->FOB_F.O.B._Related_Instructions_S35->_309_Location_Qualifier_E6,X12_00401_856->HLLoop1->FOB->FOB06
ASC_X12_856_004_010_DEFAULT_X->HL_Hierarchical_Level_S3->FOB_F.O.B._Related_Instructions_S35->_352_Description_E7,X12_00401_856->HLLoop1->FOB->FOB07
ASC_X12_856_004_010_DEFAULT_X->HL_Hierarchical_Level_S3->FOB_F.O.B._Related_Instructions_S35->_54_Risk_of_Loss_Code_E8,X12_00401_856->HLLoop1->FOB->FOB08
ASC_X12_856_004_010_DEFAULT_X->HL_Hierarchical_Level_S3->FOB_F.O.B._Related_Instructions_S35->_352_Description_E9,X12_00401_856->HLLoop1->FOB->FOB09
ASC_X12_856_004_010_DEFAULT_X->HL_Hierarchical_Level_S3->PAL_Pallet_Information__PAL__S36->_883_Pallet_Type_Code_E1,X12_00401_856->HLLoop1->PAL->PAL01
ASC_X12_856_004_010_DEFAULT_X->HL_Hierarchical_Level_S3->PAL_Pallet_Information__PAL__S36->_884_Pallet_Tiers_E2,X12_00401_856->HLLoop1->PAL->PAL02
ASC_X12_856_004_010_DEFAULT_X->HL_Hierarchical_Level_S3->PAL_Pallet_Information__PAL__S36->_885_Pallet_Blocks_E3,X12_00401_856->HLLoop1->PAL->PAL03
ASC_X12_856_004_010_DEFAULT_X->HL_Hierarchical_Level_S3->PAL_Pallet_Information__PAL__S36->_356_Pack_E4,X12_00401_856->HLLoop1->PAL->PAL04
ASC_X12_856_004_010_DEFAULT_X->HL_Hierarchical_Level_S3->PAL_Pallet_Information__PAL__S36->_395_Unit_Weight_E5,X12_00401_856->HLLoop1->PAL->PAL05
ASC_X12_856_004_010_DEFAULT_X->HL_Hierarchical_Level_S3->PAL_Pallet_Information__PAL__S36->_355_Unit_or_Basis_for_Measurement_Code_E6,X12_00401_856->HLLoop1->PAL->PAL06
ASC_X12_856_004_010_DEFAULT_X->HL_Hierarchical_Level_S3->PAL_Pallet_Information__PAL__S36->_82_Length_E7,X12_00401_856->HLLoop1->PAL->PAL07
ASC_X12_856_004_010_DEFAULT_X->HL_Hierarchical_Level_S3->PAL_Pallet_Information__PAL__S36->_189_Width_E8,X12_00401_856->HLLoop1->PAL->PAL08
ASC_X12_856_004_010_DEFAULT_X->HL_Hierarchical_Level_S3->PAL_Pallet_Information__PAL__S36->_65_Height_E9,X12_00401_856->HLLoop1->PAL->PAL09
ASC_X12_856_004_010_DEFAULT_X->HL_Hierarchical_Level_S3->PAL_Pallet_Information__PAL__S36->_355_Unit_or_Basis_for_Measurement_Code_E10,X12_00401_856->HLLoop1->PAL->PAL10
ASC_X12_856_004_010_DEFAULT_X->HL_Hierarchical_Level_S3->PAL_Pallet_Information__PAL__S36->_384_Gross_Weight_per_Pack_E11,X12_00401_856->HLLoop1->PAL->PAL11
ASC_X12_856_004_010_DEFAULT_X->HL_Hierarchical_Level_S3->PAL_Pallet_Information__PAL__S36->_355_Unit_or_Basis_for_Measurement_Code_E12,X12_00401_856->HLLoop1->PAL->PAL12
ASC_X12_856_004_010_DEFAULT_X->HL_Hierarchical_Level_S3->PAL_Pallet_Information__PAL__S36->_385_Gross_Volume_per_Pack_E13,X12_00401_856->HLLoop1->PAL->PAL13
ASC_X12_856_004_010_DEFAULT_X->HL_Hierarchical_Level_S3->PAL_Pallet_Information__PAL__S36->_355_Unit_or_Basis_for_Measurement_Code_E14,X12_00401_856->HLLoop1->PAL->PAL14
ASC_X12_856_004_010_DEFAULT_X->HL_Hierarchical_Level_S3->PAL_Pallet_Information__PAL__S36->_399_Pallet_Exchange_Code_E15,X12_00401_856->HLLoop1->PAL->PAL15
ASC_X12_856_004_010_DEFAULT_X->HL_Hierarchical_Level_S3->PAL_Pallet_Information__PAL__S36->_810_Inner_Pack_E16,X12_00401_856->HLLoop1->PAL->PAL16
ASC_X12_856_004_010_DEFAULT_X->HL_Hierarchical_Level_S3->N1_Name_S37->_98_Entity_Identifier_Code_E1,X12_00401_856->HLLoop1->N1Loop1->N1->N101
ASC_X12_856_004_010_DEFAULT_X->HL_Hierarchical_Level_S3->N1_Name_S37->_93_Name_E2,X12_00401_856->HLLoop1->N1Loop1->N1->N102
ASC_X12_856_004_010_DEFAULT_X->HL_Hierarchical_Level_S3->N1_Name_S37->_66_Identification_Code_Qualifier_E3,X12_00401_856->HLLoop1->N1Loop1->N1->N103
ASC_X12_856_004_010_DEFAULT_X->HL_Hierarchical_Level_S3->N1_Name_S37->_67_Identification_Code_E4,X12_00401_856->HLLoop1->N1Loop1->N1->N104
ASC_X12_856_004_010_DEFAULT_X->HL_Hierarchical_Level_S3->N1_Name_S37->_706_Entity_Relationship_Code_E5,X12_00401_856->HLLoop1->N1Loop1->N1->N105
ASC_X12_856_004_010_DEFAULT_X->HL_Hierarchical_Level_S3->N1_Name_S37->_98_Entity_Identifier_Code_E6,X12_00401_856->HLLoop1->N1Loop1->N1->N106
ASC_X12_856_004_010_DEFAULT_X->HL_Hierarchical_Level_S3->N1_Name_S37->N2_Additional_Name_Information_S38->_93_Name_E1,X12_00401_856->HLLoop1->N1Loop1->N2->N201
ASC_X12_856_004_010_DEFAULT_X->HL_Hierarchical_Level_S3->N1_Name_S37->N2_Additional_Name_Information_S38->_93_Name_E2,X12_00401_856->HLLoop1->N1Loop1->N2->N202
ASC_X12_856_004_010_DEFAULT_X->HL_Hierarchical_Level_S3->N1_Name_S37->N3_Address_Information_S39->_166_Address_Information_E1,X12_00401_856->HLLoop1->N1Loop1->N3->N301
ASC_X12_856_004_010_DEFAULT_X->HL_Hierarchical_Level_S3->N1_Name_S37->N3_Address_Information_S39->_166_Address_Information_E2,X12_00401_856->HLLoop1->N1Loop1->N3->N302
ASC_X12_856_004_010_DEFAULT_X->HL_Hierarchical_Level_S3->N1_Name_S37->N4_Geographic_Location_S40->_19_City_Name_E1,X12_00401_856->HLLoop1->N1Loop1->N4->N401
ASC_X12_856_004_010_DEFAULT_X->HL_Hierarchical_Level_S3->N1_Name_S37->N4_Geographic_Location_S40->_156_State_or_Province_Code_E2,X12_00401_856->HLLoop1->N1Loop1->N4->N402
ASC_X12_856_004_010_DEFAULT_X->HL_Hierarchical_Level_S3->N1_Name_S37->N4_Geographic_Location_S40->_116_Postal_Code_E3,X12_00401_856->HLLoop1->N1Loop1->N4->N403
ASC_X12_856_004_010_DEFAULT_X->HL_Hierarchical_Level_S3->N1_Name_S37->N4_Geographic_Location_S40->_26_Country_Code_E4,X12_00401_856->HLLoop1->N1Loop1->N4->N404
ASC_X12_856_004_010_DEFAULT_X->HL_Hierarchical_Level_S3->N1_Name_S37->N4_Geographic_Location_S40->_309_Location_Qualifier_E5,X12_00401_856->HLLoop1->N1Loop1->N4->N405
ASC_X12_856_004_010_DEFAULT_X->HL_Hierarchical_Level_S3->N1_Name_S37->N4_Geographic_Location_S40->_310_Location_Identifier_E6,X12_00401_856->HLLoop1->N1Loop1->N4->N406
ASC_X12_856_004_010_DEFAULT_X->HL_Hierarchical_Level_S3->N1_Name_S37->REF_Reference_Identification__REF__S41->_128_Reference_Identification_Qualifier_E1,X12_00401_856->HLLoop1->N1Loop1->REF_3->REF01
ASC_X12_856_004_010_DEFAULT_X->HL_Hierarchical_Level_S3->N1_Name_S37->REF_Reference_Identification__REF__S41->_127_Reference_Identification_E2,X12_00401_856->HLLoop1->N1Loop1->REF_3->REF02
ASC_X12_856_004_010_DEFAULT_X->HL_Hierarchical_Level_S3->N1_Name_S37->REF_Reference_Identification__REF__S41->_352_Description_E3,X12_00401_856->HLLoop1->N1Loop1->REF_3->REF03
ASC_X12_856_004_010_DEFAULT_X->HL_Hierarchical_Level_S3->N1_Name_S37->REF_Reference_Identification__REF__S41->_128_Reference_Identification_Qualifier_E4_COMP->_128_Reference_Identification_Qualifier_E4,X12_00401_856->HLLoop1->N1Loop1->REF_3->C040_3->C04001
ASC_X12_856_004_010_DEFAULT_X->HL_Hierarchical_Level_S3->N1_Name_S37->REF_Reference_Identification__REF__S41->_128_Reference_Identification_Qualifier_E4_COMP->_127_Reference_Identification_E5,X12_00401_856->HLLoop1->N1Loop1->REF_3->C040_3->C04002
ASC_X12_856_004_010_DEFAULT_X->HL_Hierarchical_Level_S3->N1_Name_S37->REF_Reference_Identification__REF__S41->_128_Reference_Identification_Qualifier_E4_COMP->_128_Reference_Identification_Qualifier_E6,X12_00401_856->HLLoop1->N1Loop1->REF_3->C040_3->C04003
ASC_X12_856_004_010_DEFAULT_X->HL_Hierarchical_Level_S3->N1_Name_S37->REF_Reference_Identification__REF__S41->_128_Reference_Identification_Qualifier_E4_COMP->_127_Reference_Identification_E7,X12_00401_856->HLLoop1->N1Loop1->REF_3->C040_3->C04004
ASC_X12_856_004_010_DEFAULT_X->HL_Hierarchical_Level_S3->N1_Name_S37->REF_Reference_Identification__REF__S41->_128_Reference_Identification_Qualifier_E4_COMP->_128_Reference_Identification_Qualifier_E8,X12_00401_856->HLLoop1->N1Loop1->REF_3->C040_3->C04005
ASC_X12_856_004_010_DEFAULT_X->HL_Hierarchical_Level_S3->N1_Name_S37->REF_Reference_Identification__REF__S41->_128_Reference_Identification_Qualifier_E4_COMP->_127_Reference_Identification_E9,X12_00401_856->HLLoop1->N1Loop1->REF_3->C040_3->C04006
ASC_X12_856_004_010_DEFAULT_X->HL_Hierarchical_Level_S3->N1_Name_S37->PER_Administrative_Communications_Conta_S42->_366_Contact_Function_Code_E1,X12_00401_856->HLLoop1->N1Loop1->PER_3->PER01
ASC_X12_856_004_010_DEFAULT_X->HL_Hierarchical_Level_S3->N1_Name_S37->PER_Administrative_Communications_Conta_S42->_93_Name_E2,X12_00401_856->HLLoop1->N1Loop1->PER_3->PER02
ASC_X12_856_004_010_DEFAULT_X->HL_Hierarchical_Level_S3->N1_Name_S37->PER_Administrative_Communications_Conta_S42->_365_Communication_Number_Qualifier_E3,X12_00401_856->HLLoop1->N1Loop1->PER_3->PER03
ASC_X12_856_004_010_DEFAULT_X->HL_Hierarchical_Level_S3->N1_Name_S37->PER_Administrative_Communications_Conta_S42->_364_Communication_Number_E4,X12_00401_856->HLLoop1->N1Loop1->PER_3->PER04
ASC_X12_856_004_010_DEFAULT_X->HL_Hierarchical_Level_S3->N1_Name_S37->PER_Administrative_Communications_Conta_S42->_365_Communication_Number_Qualifier_E5,X12_00401_856->HLLoop1->N1Loop1->PER_3->PER05
ASC_X12_856_004_010_DEFAULT_X->HL_Hierarchical_Level_S3->N1_Name_S37->PER_Administrative_Communications_Conta_S42->_364_Communication_Number_E6,X12_00401_856->HLLoop1->N1Loop1->PER_3->PER06
ASC_X12_856_004_010_DEFAULT_X->HL_Hierarchical_Level_S3->N1_Name_S37->PER_Administrative_Communications_Conta_S42->_365_Communication_Number_Qualifier_E7,X12_00401_856->HLLoop1->N1Loop1->PER_3->PER07
ASC_X12_856_004_010_DEFAULT_X->HL_Hierarchical_Level_S3->N1_Name_S37->PER_Administrative_Communications_Conta_S42->_364_Communication_Number_E8,X12_00401_856->HLLoop1->N1Loop1->PER_3->PER08
ASC_X12_856_004_010_DEFAULT_X->HL_Hierarchical_Level_S3->N1_Name_S37->PER_Administrative_Communications_Conta_S42->_443_Contact_Inquiry_Reference_E9,X12_00401_856->HLLoop1->N1Loop1->PER_3->PER09
ASC_X12_856_004_010_DEFAULT_X->HL_Hierarchical_Level_S3->N1_Name_S37->FOB_F.O.B._Related_Instructions_S43->_146_Shipment_Method_of_Payment_E1,X12_00401_856->HLLoop1->N1Loop1->FOB_2->FOB01
ASC_X12_856_004_010_DEFAULT_X->HL_Hierarchical_Level_S3->N1_Name_S37->FOB_F.O.B._Related_Instructions_S43->_309_Location_Qualifier_E2,X12_00401_856->HLLoop1->N1Loop1->FOB_2->FOB02
ASC_X12_856_004_010_DEFAULT_X->HL_Hierarchical_Level_S3->N1_Name_S37->FOB_F.O.B._Related_Instructions_S43->_352_Description_E3,X12_00401_856->HLLoop1->N1Loop1->FOB_2->FOB03
ASC_X12_856_004_010_DEFAULT_X->HL_Hierarchical_Level_S3->N1_Name_S37->FOB_F.O.B._Related_Instructions_S43->_334_Transportation_Terms_Qualifier_Code_E4,X12_00401_856->HLLoop1->N1Loop1->FOB_2->FOB04
ASC_X12_856_004_010_DEFAULT_X->HL_Hierarchical_Level_S3->N1_Name_S37->FOB_F.O.B._Related_Instructions_S43->_335_Transportation_Terms_Code_E5,X12_00401_856->HLLoop1->N1Loop1->FOB_2->FOB05
ASC_X12_856_004_010_DEFAULT_X->HL_Hierarchical_Level_S3->N1_Name_S37->FOB_F.O.B._Related_Instructions_S43->_309_Location_Qualifier_E6,X12_00401_856->HLLoop1->N1Loop1->FOB_2->FOB06
ASC_X12_856_004_010_DEFAULT_X->HL_Hierarchical_Level_S3->N1_Name_S37->FOB_F.O.B._Related_Instructions_S43->_352_Description_E7,X12_00401_856->HLLoop1->N1Loop1->FOB_2->FOB07
ASC_X12_856_004_010_DEFAULT_X->HL_Hierarchical_Level_S3->N1_Name_S37->FOB_F.O.B._Related_Instructions_S43->_54_Risk_of_Loss_Code_E8,X12_00401_856->HLLoop1->N1Loop1->FOB_2->FOB08
ASC_X12_856_004_010_DEFAULT_X->HL_Hierarchical_Level_S3->N1_Name_S37->FOB_F.O.B._Related_Instructions_S43->_352_Description_E9,X12_00401_856->HLLoop1->N1Loop1->FOB_2->FOB09
ASC_X12_856_004_010_DEFAULT_X->HL_Hierarchical_Level_S3->SDQ_Destination_Quantity_S44->_355_Unit_or_Basis_for_Measurement_Code_E1,X12_00401_856->HLLoop1->SDQ->SDQ01
ASC_X12_856_004_010_DEFAULT_X->HL_Hierarchical_Level_S3->SDQ_Destination_Quantity_S44->_66_Identification_Code_Qualifier_E2,X12_00401_856->HLLoop1->SDQ->SDQ02
ASC_X12_856_004_010_DEFAULT_X->HL_Hierarchical_Level_S3->SDQ_Destination_Quantity_S44->_67_Identification_Code_E3,X12_00401_856->HLLoop1->SDQ->SDQ03
ASC_X12_856_004_010_DEFAULT_X->HL_Hierarchical_Level_S3->SDQ_Destination_Quantity_S44->_380_Quantity_E4,X12_00401_856->HLLoop1->SDQ->SDQ04
ASC_X12_856_004_010_DEFAULT_X->HL_Hierarchical_Level_S3->SDQ_Destination_Quantity_S44->_67_Identification_Code_E5,X12_00401_856->HLLoop1->SDQ->SDQ05
ASC_X12_856_004_010_DEFAULT_X->HL_Hierarchical_Level_S3->SDQ_Destination_Quantity_S44->_380_Quantity_E6,X12_00401_856->HLLoop1->SDQ->SDQ06
ASC_X12_856_004_010_DEFAULT_X->HL_Hierarchical_Level_S3->SDQ_Destination_Quantity_S44->_67_Identification_Code_E7,X12_00401_856->HLLoop1->SDQ->SDQ07
ASC_X12_856_004_010_DEFAULT_X->HL_Hierarchical_Level_S3->SDQ_Destination_Quantity_S44->_380_Quantity_E8,X12_00401_856->HLLoop1->SDQ->SDQ08
ASC_X12_856_004_010_DEFAULT_X->HL_Hierarchical_Level_S3->SDQ_Destination_Quantity_S44->_67_Identification_Code_E9,X12_00401_856->HLLoop1->SDQ->SDQ09
ASC_X12_856_004_010_DEFAULT_X->HL_Hierarchical_Level_S3->SDQ_Destination_Quantity_S44->_380_Quantity_E10,X12_00401_856->HLLoop1->SDQ->SDQ10
ASC_X12_856_004_010_DEFAULT_X->HL_Hierarchical_Level_S3->SDQ_Destination_Quantity_S44->_67_Identification_Code_E11,X12_00401_856->HLLoop1->SDQ->SDQ11
ASC_X12_856_004_010_DEFAULT_X->HL_Hierarchical_Level_S3->SDQ_Destination_Quantity_S44->_380_Quantity_E12,X12_00401_856->HLLoop1->SDQ->SDQ12
ASC_X12_856_004_010_DEFAULT_X->HL_Hierarchical_Level_S3->SDQ_Destination_Quantity_S44->_67_Identification_Code_E13,X12_00401_856->HLLoop1->SDQ->SDQ13
ASC_X12_856_004_010_DEFAULT_X->HL_Hierarchical_Level_S3->SDQ_Destination_Quantity_S44->_380_Quantity_E14,X12_00401_856->HLLoop1->SDQ->SDQ14
ASC_X12_856_004_010_DEFAULT_X->HL_Hierarchical_Level_S3->SDQ_Destination_Quantity_S44->_67_Identification_Code_E15,X12_00401_856->HLLoop1->SDQ->SDQ15
ASC_X12_856_004_010_DEFAULT_X->HL_Hierarchical_Level_S3->SDQ_Destination_Quantity_S44->_380_Quantity_E16,X12_00401_856->HLLoop1->SDQ->SDQ16
ASC_X12_856_004_010_DEFAULT_X->HL_Hierarchical_Level_S3->SDQ_Destination_Quantity_S44->_67_Identification_Code_E17,X12_00401_856->HLLoop1->SDQ->SDQ17
ASC_X12_856_004_010_DEFAULT_X->HL_Hierarchical_Level_S3->SDQ_Destination_Quantity_S44->_380_Quantity_E18,X12_00401_856->HLLoop1->SDQ->SDQ18
ASC_X12_856_004_010_DEFAULT_X->HL_Hierarchical_Level_S3->SDQ_Destination_Quantity_S44->_67_Identification_Code_E19,X12_00401_856->HLLoop1->SDQ->SDQ19
ASC_X12_856_004_010_DEFAULT_X->HL_Hierarchical_Level_S3->SDQ_Destination_Quantity_S44->_380_Quantity_E20,X12_00401_856->HLLoop1->SDQ->SDQ20
ASC_X12_856_004_010_DEFAULT_X->HL_Hierarchical_Level_S3->SDQ_Destination_Quantity_S44->_67_Identification_Code_E21,X12_00401_856->HLLoop1->SDQ->SDQ21
ASC_X12_856_004_010_DEFAULT_X->HL_Hierarchical_Level_S3->SDQ_Destination_Quantity_S44->_380_Quantity_E22,X12_00401_856->HLLoop1->SDQ->SDQ22
ASC_X12_856_004_010_DEFAULT_X->HL_Hierarchical_Level_S3->SDQ_Destination_Quantity_S44->_310_Location_Identifier_E23,X12_00401_856->HLLoop1->SDQ->SDQ23
ASC_X12_856_004_010_DEFAULT_X->HL_Hierarchical_Level_S3->ETD_Excess_Transportation_Detail_S45->_626_Excess_Transportation_Reason_Code_E1,X12_00401_856->HLLoop1->ETD->ETD01
ASC_X12_856_004_010_DEFAULT_X->HL_Hierarchical_Level_S3->ETD_Excess_Transportation_Detail_S45->_627_Excess_Transportation_Responsibilit_E2,X12_00401_856->HLLoop1->ETD->ETD02
ASC_X12_856_004_010_DEFAULT_X->HL_Hierarchical_Level_S3->ETD_Excess_Transportation_Detail_S45->_128_Reference_Identification_Qualifier_E3,X12_00401_856->HLLoop1->ETD->ETD03
ASC_X12_856_004_010_DEFAULT_X->HL_Hierarchical_Level_S3->ETD_Excess_Transportation_Detail_S45->_127_Reference_Identification_E4,X12_00401_856->HLLoop1->ETD->ETD04
ASC_X12_856_004_010_DEFAULT_X->HL_Hierarchical_Level_S3->ETD_Excess_Transportation_Detail_S45->_743_Returnable_Container_Freight_Paymen_E5,X12_00401_856->HLLoop1->ETD->ETD05
ASC_X12_856_004_010_DEFAULT_X->HL_Hierarchical_Level_S3->CUR_Currency__CUR__S46->_98_Entity_Identifier_Code_E1,X12_00401_856->HLLoop1->CUR->CUR01
ASC_X12_856_004_010_DEFAULT_X->HL_Hierarchical_Level_S3->CUR_Currency__CUR__S46->_100_Currency_Code_E2,X12_00401_856->HLLoop1->CUR->CUR02
ASC_X12_856_004_010_DEFAULT_X->HL_Hierarchical_Level_S3->CUR_Currency__CUR__S46->_280_Exchange_Rate_E3,X12_00401_856->HLLoop1->CUR->CUR03
ASC_X12_856_004_010_DEFAULT_X->HL_Hierarchical_Level_S3->CUR_Currency__CUR__S46->_98_Entity_Identifier_Code_E4,X12_00401_856->HLLoop1->CUR->CUR04
ASC_X12_856_004_010_DEFAULT_X->HL_Hierarchical_Level_S3->CUR_Currency__CUR__S46->_100_Currency_Code_E5,X12_00401_856->HLLoop1->CUR->CUR05
ASC_X12_856_004_010_DEFAULT_X->HL_Hierarchical_Level_S3->CUR_Currency__CUR__S46->_669_Currency_Market_Exchange_Code_E6,X12_00401_856->HLLoop1->CUR->CUR06
ASC_X12_856_004_010_DEFAULT_X->HL_Hierarchical_Level_S3->CUR_Currency__CUR__S46->_374_Date_Time_Qualifier_E7,X12_00401_856->HLLoop1->CUR->CUR07
ASC_X12_856_004_010_DEFAULT_X->HL_Hierarchical_Level_S3->CUR_Currency__CUR__S46->_337_Time_E9,X12_00401_856->HLLoop1->CUR->CUR09
ASC_X12_856_004_010_DEFAULT_X->HL_Hierarchical_Level_S3->CUR_Currency__CUR__S46->_374_Date_Time_Qualifier_E10,X12_00401_856->HLLoop1->CUR->CUR10
ASC_X12_856_004_010_DEFAULT_X->HL_Hierarchical_Level_S3->CUR_Currency__CUR__S46->_337_Time_E12,X12_00401_856->HLLoop1->CUR->CUR12
ASC_X12_856_004_010_DEFAULT_X->HL_Hierarchical_Level_S3->CUR_Currency__CUR__S46->_374_Date_Time_Qualifier_E13,X12_00401_856->HLLoop1->CUR->CUR13
ASC_X12_856_004_010_DEFAULT_X->HL_Hierarchical_Level_S3->CUR_Currency__CUR__S46->_337_Time_E15,X12_00401_856->HLLoop1->CUR->CUR15
ASC_X12_856_004_010_DEFAULT_X->HL_Hierarchical_Level_S3->CUR_Currency__CUR__S46->_374_Date_Time_Qualifier_E16,X12_00401_856->HLLoop1->CUR->CUR16
ASC_X12_856_004_010_DEFAULT_X->HL_Hierarchical_Level_S3->CUR_Currency__CUR__S46->_337_Time_E18,X12_00401_856->HLLoop1->CUR->CUR18
ASC_X12_856_004_010_DEFAULT_X->HL_Hierarchical_Level_S3->CUR_Currency__CUR__S46->_374_Date_Time_Qualifier_E19,X12_00401_856->HLLoop1->CUR->CUR19
ASC_X12_856_004_010_DEFAULT_X->HL_Hierarchical_Level_S3->CUR_Currency__CUR__S46->_337_Time_E21,X12_00401_856->HLLoop1->CUR->CUR21
ASC_X12_856_004_010_DEFAULT_X->HL_Hierarchical_Level_S3->SAC_Service__Promotion__Allowance__or_C_S47->_248_Allowance_or_Charge_Indicator_E1,X12_00401_856->HLLoop1->SACLoop1->SAC->SAC01
ASC_X12_856_004_010_DEFAULT_X->HL_Hierarchical_Level_S3->SAC_Service__Promotion__Allowance__or_C_S47->_1300_Service__Promotion__Allowance__or_C_E2,X12_00401_856->HLLoop1->SACLoop1->SAC->SAC02
ASC_X12_856_004_010_DEFAULT_X->HL_Hierarchical_Level_S3->SAC_Service__Promotion__Allowance__or_C_S47->_559_Agency_Qualifier_Code_E3,X12_00401_856->HLLoop1->SACLoop1->SAC->SAC03
ASC_X12_856_004_010_DEFAULT_X->HL_Hierarchical_Level_S3->SAC_Service__Promotion__Allowance__or_C_S47->_1301_Agency_Service__Promotion__Allowanc_E4,X12_00401_856->HLLoop1->SACLoop1->SAC->SAC04
ASC_X12_856_004_010_DEFAULT_X->HL_Hierarchical_Level_S3->SAC_Service__Promotion__Allowance__or_C_S47->_610_Amount_E5,X12_00401_856->HLLoop1->SACLoop1->SAC->SAC05
ASC_X12_856_004_010_DEFAULT_X->HL_Hierarchical_Level_S3->SAC_Service__Promotion__Allowance__or_C_S47->_378_Allowance_Charge_Percent_Qualifier_E6,X12_00401_856->HLLoop1->SACLoop1->SAC->SAC06
ASC_X12_856_004_010_DEFAULT_X->HL_Hierarchical_Level_S3->SAC_Service__Promotion__Allowance__or_C_S47->_332_Percent_E7,X12_00401_856->HLLoop1->SACLoop1->SAC->SAC07
ASC_X12_856_004_010_DEFAULT_X->HL_Hierarchical_Level_S3->SAC_Service__Promotion__Allowance__or_C_S47->_118_Rate_E8,X12_00401_856->HLLoop1->SACLoop1->SAC->SAC08
ASC_X12_856_004_010_DEFAULT_X->HL_Hierarchical_Level_S3->SAC_Service__Promotion__Allowance__or_C_S47->_355_Unit_or_Basis_for_Measurement_Code_E9,X12_00401_856->HLLoop1->SACLoop1->SAC->SAC09
ASC_X12_856_004_010_DEFAULT_X->HL_Hierarchical_Level_S3->SAC_Service__Promotion__Allowance__or_C_S47->_380_Quantity_E10,X12_00401_856->HLLoop1->SACLoop1->SAC->SAC10
ASC_X12_856_004_010_DEFAULT_X->HL_Hierarchical_Level_S3->SAC_Service__Promotion__Allowance__or_C_S47->_380_Quantity_E11,X12_00401_856->HLLoop1->SACLoop1->SAC->SAC11
ASC_X12_856_004_010_DEFAULT_X->HL_Hierarchical_Level_S3->SAC_Service__Promotion__Allowance__or_C_S47->_331_Allowance_or_Charge_Method_of_Handl_E12,X12_00401_856->HLLoop1->SACLoop1->SAC->SAC12
ASC_X12_856_004_010_DEFAULT_X->HL_Hierarchical_Level_S3->SAC_Service__Promotion__Allowance__or_C_S47->_127_Reference_Identification_E13,X12_00401_856->HLLoop1->SACLoop1->SAC->SAC13
ASC_X12_856_004_010_DEFAULT_X->HL_Hierarchical_Level_S3->SAC_Service__Promotion__Allowance__or_C_S47->_770_Option_Number_E14,X12_00401_856->HLLoop1->SACLoop1->SAC->SAC14
ASC_X12_856_004_010_DEFAULT_X->HL_Hierarchical_Level_S3->SAC_Service__Promotion__Allowance__or_C_S47->_352_Description_E15,X12_00401_856->HLLoop1->SACLoop1->SAC->SAC15
ASC_X12_856_004_010_DEFAULT_X->HL_Hierarchical_Level_S3->SAC_Service__Promotion__Allowance__or_C_S47->_819_Language_Code_E16,X12_00401_856->HLLoop1->SACLoop1->SAC->SAC16
ASC_X12_856_004_010_DEFAULT_X->HL_Hierarchical_Level_S3->SAC_Service__Promotion__Allowance__or_C_S47->CUR_Currency__CUR__S48->_98_Entity_Identifier_Code_E1,X12_00401_856->HLLoop1->SACLoop1->CUR_2->CUR01
ASC_X12_856_004_010_DEFAULT_X->HL_Hierarchical_Level_S3->SAC_Service__Promotion__Allowance__or_C_S47->CUR_Currency__CUR__S48->_100_Currency_Code_E2,X12_00401_856->HLLoop1->SACLoop1->CUR_2->CUR02
ASC_X12_856_004_010_DEFAULT_X->HL_Hierarchical_Level_S3->SAC_Service__Promotion__Allowance__or_C_S47->CUR_Currency__CUR__S48->_280_Exchange_Rate_E3,X12_00401_856->HLLoop1->SACLoop1->CUR_2->CUR03
ASC_X12_856_004_010_DEFAULT_X->HL_Hierarchical_Level_S3->SAC_Service__Promotion__Allowance__or_C_S47->CUR_Currency__CUR__S48->_98_Entity_Identifier_Code_E4,X12_00401_856->HLLoop1->SACLoop1->CUR_2->CUR04
ASC_X12_856_004_010_DEFAULT_X->HL_Hierarchical_Level_S3->SAC_Service__Promotion__Allowance__or_C_S47->CUR_Currency__CUR__S48->_100_Currency_Code_E5,X12_00401_856->HLLoop1->SACLoop1->CUR_2->CUR05
ASC_X12_856_004_010_DEFAULT_X->HL_Hierarchical_Level_S3->SAC_Service__Promotion__Allowance__or_C_S47->CUR_Currency__CUR__S48->_669_Currency_Market_Exchange_Code_E6,X12_00401_856->HLLoop1->SACLoop1->CUR_2->CUR06
ASC_X12_856_004_010_DEFAULT_X->HL_Hierarchical_Level_S3->SAC_Service__Promotion__Allowance__or_C_S47->CUR_Currency__CUR__S48->_374_Date_Time_Qualifier_E7,X12_00401_856->HLLoop1->SACLoop1->CUR_2->CUR07
ASC_X12_856_004_010_DEFAULT_X->HL_Hierarchical_Level_S3->SAC_Service__Promotion__Allowance__or_C_S47->CUR_Currency__CUR__S48->_337_Time_E9,X12_00401_856->HLLoop1->SACLoop1->CUR_2->CUR09
ASC_X12_856_004_010_DEFAULT_X->HL_Hierarchical_Level_S3->SAC_Service__Promotion__Allowance__or_C_S47->CUR_Currency__CUR__S48->_374_Date_Time_Qualifier_E10,X12_00401_856->HLLoop1->SACLoop1->CUR_2->CUR10
ASC_X12_856_004_010_DEFAULT_X->HL_Hierarchical_Level_S3->SAC_Service__Promotion__Allowance__or_C_S47->CUR_Currency__CUR__S48->_337_Time_E12,X12_00401_856->HLLoop1->SACLoop1->CUR_2->CUR12
ASC_X12_856_004_010_DEFAULT_X->HL_Hierarchical_Level_S3->SAC_Service__Promotion__Allowance__or_C_S47->CUR_Currency__CUR__S48->_374_Date_Time_Qualifier_E13,X12_00401_856->HLLoop1->SACLoop1->CUR_2->CUR13
ASC_X12_856_004_010_DEFAULT_X->HL_Hierarchical_Level_S3->SAC_Service__Promotion__Allowance__or_C_S47->CUR_Currency__CUR__S48->_337_Time_E15,X12_00401_856->HLLoop1->SACLoop1->CUR_2->CUR15
ASC_X12_856_004_010_DEFAULT_X->HL_Hierarchical_Level_S3->SAC_Service__Promotion__Allowance__or_C_S47->CUR_Currency__CUR__S48->_374_Date_Time_Qualifier_E16,X12_00401_856->HLLoop1->SACLoop1->CUR_2->CUR16
ASC_X12_856_004_010_DEFAULT_X->HL_Hierarchical_Level_S3->SAC_Service__Promotion__Allowance__or_C_S47->CUR_Currency__CUR__S48->_337_Time_E18,X12_00401_856->HLLoop1->SACLoop1->CUR_2->CUR18
ASC_X12_856_004_010_DEFAULT_X->HL_Hierarchical_Level_S3->SAC_Service__Promotion__Allowance__or_C_S47->CUR_Currency__CUR__S48->_374_Date_Time_Qualifier_E19,X12_00401_856->HLLoop1->SACLoop1->CUR_2->CUR19
ASC_X12_856_004_010_DEFAULT_X->HL_Hierarchical_Level_S3->SAC_Service__Promotion__Allowance__or_C_S47->CUR_Currency__CUR__S48->_337_Time_E21,X12_00401_856->HLLoop1->SACLoop1->CUR_2->CUR21
ASC_X12_856_004_010_DEFAULT_X->HL_Hierarchical_Level_S3->GF_Furnished_Goods_and_Services_S49->_128_Reference_Identification_Qualifier_E1,X12_00401_856->HLLoop1->GF->GF01
ASC_X12_856_004_010_DEFAULT_X->HL_Hierarchical_Level_S3->GF_Furnished_Goods_and_Services_S49->_127_Reference_Identification_E2,X12_00401_856->HLLoop1->GF->GF02
ASC_X12_856_004_010_DEFAULT_X->HL_Hierarchical_Level_S3->GF_Furnished_Goods_and_Services_S49->_367_Contract_Number_E3,X12_00401_856->HLLoop1->GF->GF03
ASC_X12_856_004_010_DEFAULT_X->HL_Hierarchical_Level_S3->GF_Furnished_Goods_and_Services_S49->_782_Monetary_Amount_E4,X12_00401_856->HLLoop1->GF->GF04
ASC_X12_856_004_010_DEFAULT_X->HL_Hierarchical_Level_S3->GF_Furnished_Goods_and_Services_S49->_128_Reference_Identification_Qualifier_E5,X12_00401_856->HLLoop1->GF->GF05
ASC_X12_856_004_010_DEFAULT_X->HL_Hierarchical_Level_S3->GF_Furnished_Goods_and_Services_S49->_127_Reference_Identification_E6,X12_00401_856->HLLoop1->GF->GF06
ASC_X12_856_004_010_DEFAULT_X->HL_Hierarchical_Level_S3->GF_Furnished_Goods_and_Services_S49->_328_Release_Number_E7,X12_00401_856->HLLoop1->GF->GF07
ASC_X12_856_004_010_DEFAULT_X->HL_Hierarchical_Level_S3->GF_Furnished_Goods_and_Services_S49->_128_Reference_Identification_Qualifier_E8,X12_00401_856->HLLoop1->GF->GF08
ASC_X12_856_004_010_DEFAULT_X->HL_Hierarchical_Level_S3->GF_Furnished_Goods_and_Services_S49->_127_Reference_Identification_E9,X12_00401_856->HLLoop1->GF->GF09
ASC_X12_856_004_010_DEFAULT_X->HL_Hierarchical_Level_S3->YNQ_Yes_No_Question_S50->_1321_Condition_Indicator_E1,X12_00401_856->HLLoop1->YNQ->YNQ01
ASC_X12_856_004_010_DEFAULT_X->HL_Hierarchical_Level_S3->YNQ_Yes_No_Question_S50->_1073_Yes_No_Condition_or_Response_Code_E2,X12_00401_856->HLLoop1->YNQ->YNQ02
ASC_X12_856_004_010_DEFAULT_X->HL_Hierarchical_Level_S3->YNQ_Yes_No_Question_S50->_1250_Date_Time_Period_Format_Qualifier_E3,X12_00401_856->HLLoop1->YNQ->YNQ03
ASC_X12_856_004_010_DEFAULT_X->HL_Hierarchical_Level_S3->YNQ_Yes_No_Question_S50->_1251_Date_Time_Period_E4,X12_00401_856->HLLoop1->YNQ->YNQ04
ASC_X12_856_004_010_DEFAULT_X->HL_Hierarchical_Level_S3->YNQ_Yes_No_Question_S50->_933_Free-Form_Message_Text_E5,X12_00401_856->HLLoop1->YNQ->YNQ05
ASC_X12_856_004_010_DEFAULT_X->HL_Hierarchical_Level_S3->YNQ_Yes_No_Question_S50->_933_Free-Form_Message_Text_E6,X12_00401_856->HLLoop1->YNQ->YNQ06
ASC_X12_856_004_010_DEFAULT_X->HL_Hierarchical_Level_S3->YNQ_Yes_No_Question_S50->_933_Free-Form_Message_Text_E7,X12_00401_856->HLLoop1->YNQ->YNQ07
ASC_X12_856_004_010_DEFAULT_X->HL_Hierarchical_Level_S3->YNQ_Yes_No_Question_S50->_1270_Code_List_Qualifier_Code_E8,X12_00401_856->HLLoop1->YNQ->YNQ08
ASC_X12_856_004_010_DEFAULT_X->HL_Hierarchical_Level_S3->YNQ_Yes_No_Question_S50->_1271_Industry_Code_E9,X12_00401_856->HLLoop1->YNQ->YNQ09
ASC_X12_856_004_010_DEFAULT_X->HL_Hierarchical_Level_S3->YNQ_Yes_No_Question_S50->_933_Free-Form_Message_Text_E10,X12_00401_856->HLLoop1->YNQ->YNQ10
ASC_X12_856_004_010_DEFAULT_X->HL_Hierarchical_Level_S3->LM_Code_Source_Information_S51->_559_Agency_Qualifier_Code_E1,X12_00401_856->HLLoop1->LMLoop1->LM->LM01
ASC_X12_856_004_010_DEFAULT_X->HL_Hierarchical_Level_S3->LM_Code_Source_Information_S51->_822_Source_Subqualifier_E2,X12_00401_856->HLLoop1->LMLoop1->LM->LM02
ASC_X12_856_004_010_DEFAULT_X->HL_Hierarchical_Level_S3->LM_Code_Source_Information_S51->LQ_Industry_Code_S52->_1270_Code_List_Qualifier_Code_E1,X12_00401_856->HLLoop1->LMLoop1->LQ->LQ01
ASC_X12_856_004_010_DEFAULT_X->HL_Hierarchical_Level_S3->LM_Code_Source_Information_S51->LQ_Industry_Code_S52->_1271_Industry_Code_E2,X12_00401_856->HLLoop1->LMLoop1->LQ->LQ02
ASC_X12_856_004_010_DEFAULT_X->HL_Hierarchical_Level_S3->V1_Vessel_Identification_S53->_597_Vessel_Code_E1,X12_00401_856->HLLoop1->V1Loop1->V1->V101
ASC_X12_856_004_010_DEFAULT_X->HL_Hierarchical_Level_S3->V1_Vessel_Identification_S53->_182_Vessel_Name_E2,X12_00401_856->HLLoop1->V1Loop1->V1->V102
ASC_X12_856_004_010_DEFAULT_X->HL_Hierarchical_Level_S3->V1_Vessel_Identification_S53->_26_Country_Code_E3,X12_00401_856->HLLoop1->V1Loop1->V1->V103
ASC_X12_856_004_010_DEFAULT_X->HL_Hierarchical_Level_S3->V1_Vessel_Identification_S53->_55_Flight_Voyage_Number_E4,X12_00401_856->HLLoop1->V1Loop1->V1->V104
ASC_X12_856_004_010_DEFAULT_X->HL_Hierarchical_Level_S3->V1_Vessel_Identification_S53->_140_Standard_Carrier_Alpha_Code_E5,X12_00401_856->HLLoop1->V1Loop1->V1->V105
ASC_X12_856_004_010_DEFAULT_X->HL_Hierarchical_Level_S3->V1_Vessel_Identification_S53->_249_Vessel_Requirement_Code_E6,X12_00401_856->HLLoop1->V1Loop1->V1->V106
ASC_X12_856_004_010_DEFAULT_X->HL_Hierarchical_Level_S3->V1_Vessel_Identification_S53->_854_Vessel_Type_Code_E7,X12_00401_856->HLLoop1->V1Loop1->V1->V107
ASC_X12_856_004_010_DEFAULT_X->HL_Hierarchical_Level_S3->V1_Vessel_Identification_S53->_897_Vessel_Code_Qualifier_E8,X12_00401_856->HLLoop1->V1Loop1->V1->V108
ASC_X12_856_004_010_DEFAULT_X->HL_Hierarchical_Level_S3->V1_Vessel_Identification_S53->_91_Transportation_Method_Type_Code_E9,X12_00401_856->HLLoop1->V1Loop1->V1->V109
ASC_X12_856_004_010_DEFAULT_X->HL_Hierarchical_Level_S3->V1_Vessel_Identification_S53->R4_Port_or_Terminal_S54->_115_Port_or_Terminal_Function_Code_E1,X12_00401_856->HLLoop1->V1Loop1->R4->R401
ASC_X12_856_004_010_DEFAULT_X->HL_Hierarchical_Level_S3->V1_Vessel_Identification_S53->R4_Port_or_Terminal_S54->_309_Location_Qualifier_E2,X12_00401_856->HLLoop1->V1Loop1->R4->R402
ASC_X12_856_004_010_DEFAULT_X->HL_Hierarchical_Level_S3->V1_Vessel_Identification_S53->R4_Port_or_Terminal_S54->_310_Location_Identifier_E3,X12_00401_856->HLLoop1->V1Loop1->R4->R403
ASC_X12_856_004_010_DEFAULT_X->HL_Hierarchical_Level_S3->V1_Vessel_Identification_S53->R4_Port_or_Terminal_S54->_114_Port_Name_E4,X12_00401_856->HLLoop1->V1Loop1->R4->R404
ASC_X12_856_004_010_DEFAULT_X->HL_Hierarchical_Level_S3->V1_Vessel_Identification_S53->R4_Port_or_Terminal_S54->_26_Country_Code_E5,X12_00401_856->HLLoop1->V1Loop1->R4->R405
ASC_X12_856_004_010_DEFAULT_X->HL_Hierarchical_Level_S3->V1_Vessel_Identification_S53->R4_Port_or_Terminal_S54->_174_Terminal_Name_E6,X12_00401_856->HLLoop1->V1Loop1->R4->R406
ASC_X12_856_004_010_DEFAULT_X->HL_Hierarchical_Level_S3->V1_Vessel_Identification_S53->R4_Port_or_Terminal_S54->_113_Pier_Number_E7,X12_00401_856->HLLoop1->V1Loop1->R4->R407
ASC_X12_856_004_010_DEFAULT_X->HL_Hierarchical_Level_S3->V1_Vessel_Identification_S53->R4_Port_or_Terminal_S54->_156_State_or_Province_Code_E8,X12_00401_856->HLLoop1->V1Loop1->R4->R408
ASC_X12_856_004_010_DEFAULT_X->HL_Hierarchical_Level_S3->V1_Vessel_Identification_S53->DTM_Date_Time_Reference_S55->_374_Date_Time_Qualifier_E1,X12_00401_856->HLLoop1->V1Loop1->DTM_3->DTM01
ASC_X12_856_004_010_DEFAULT_X->HL_Hierarchical_Level_S3->V1_Vessel_Identification_S53->DTM_Date_Time_Reference_S55->_337_Time_E3,X12_00401_856->HLLoop1->V1Loop1->DTM_3->DTM03
ASC_X12_856_004_010_DEFAULT_X->HL_Hierarchical_Level_S3->V1_Vessel_Identification_S53->DTM_Date_Time_Reference_S55->_623_Time_Code_E4,X12_00401_856->HLLoop1->V1Loop1->DTM_3->DTM04
ASC_X12_856_004_010_DEFAULT_X->HL_Hierarchical_Level_S3->V1_Vessel_Identification_S53->DTM_Date_Time_Reference_S55->_1250_Date_Time_Period_Format_Qualifier_E5,X12_00401_856->HLLoop1->V1Loop1->DTM_3->DTM05
ASC_X12_856_004_010_DEFAULT_X->HL_Hierarchical_Level_S3->V1_Vessel_Identification_S53->DTM_Date_Time_Reference_S55->_1251_Date_Time_Period_E6,X12_00401_856->HLLoop1->V1Loop1->DTM_3->DTM06
ASC_X12_856_004_010_DEFAULT_X->CTT_Transaction_Totals_S56->_354_Number_of_Line_Items_E1,X12_00401_856->CTT->CTT01
ASC_X12_856_004_010_DEFAULT_X->CTT_Transaction_Totals_S56->_347_Hash_Total_E2,X12_00401_856->CTT->CTT02
ASC_X12_856_004_010_DEFAULT_X->CTT_Transaction_Totals_S56->_81_Weight_E3,X12_00401_856->CTT->CTT03
ASC_X12_856_004_010_DEFAULT_X->CTT_Transaction_Totals_S56->_355_Unit_or_Basis_for_Measurement_Code_E4,X12_00401_856->CTT->CTT04
ASC_X12_856_004_010_DEFAULT_X->CTT_Transaction_Totals_S56->_183_Volume_E5,X12_00401_856->CTT->CTT05
ASC_X12_856_004_010_DEFAULT_X->CTT_Transaction_Totals_S56->_355_Unit_or_Basis_for_Measurement_Code_E6,X12_00401_856->CTT->CTT06
ASC_X12_856_004_010_DEFAULT_X->CTT_Transaction_Totals_S56->_352_Description_E7,X12_00401_856->CTT->CTT07
ASC_X12_856_004_010_DEFAULT_X->HL_Hierarchical_Level_S3->SLN_Subline_Item_Detail_S6,X12_00401_856->HLLoop1->SLN
ASC_X12_856_004_010_DEFAULT_X->HL_Hierarchical_Level_S3->N1_Name_S37,X12_00401_856->HLLoop1->N1Loop1
ASC_X12_856_004_010_DEFAULT_X->BSN_Beginning_Segment_for_Ship_Notice_S1->_373_Date_E3,X12_00401_856->BSN->BSN03
ASC_X12_856_004_010_DEFAULT_X->DTM_Date_Time_Reference_S2->_373_Date_E2,X12_00401_856->DTM->DTM02
ASC_X12_856_004_010_DEFAULT_X->HL_Hierarchical_Level_S3->CUR_Currency__CUR__S46->_373_Date_E8,X12_00401_856->HLLoop1->CUR->CUR08
ASC_X12_856_004_010_DEFAULT_X->HL_Hierarchical_Level_S3->CUR_Currency__CUR__S46->_373_Date_E11,X12_00401_856->HLLoop1->CUR->CUR11
ASC_X12_856_004_010_DEFAULT_X->HL_Hierarchical_Level_S3->CUR_Currency__CUR__S46->_373_Date_E14,X12_00401_856->HLLoop1->CUR->CUR14
ASC_X12_856_004_010_DEFAULT_X->HL_Hierarchical_Level_S3->CUR_Currency__CUR__S46->_373_Date_E17,X12_00401_856->HLLoop1->CUR->CUR17
ASC_X12_856_004_010_DEFAULT_X->HL_Hierarchical_Level_S3->CUR_Currency__CUR__S46->_373_Date_E20,X12_00401_856->HLLoop1->CUR->CUR20
ASC_X12_856_004_010_DEFAULT_X->HL_Hierarchical_Level_S3->SAC_Service__Promotion__Allowance__or_C_S47->CUR_Currency__CUR__S48->_373_Date_E8,X12_00401_856->HLLoop1->SACLoop1->CUR_2->CUR08
ASC_X12_856_004_010_DEFAULT_X->HL_Hierarchical_Level_S3->SAC_Service__Promotion__Allowance__or_C_S47->CUR_Currency__CUR__S48->_373_Date_E11,X12_00401_856->HLLoop1->SACLoop1->CUR_2->CUR11
ASC_X12_856_004_010_DEFAULT_X->HL_Hierarchical_Level_S3->SAC_Service__Promotion__Allowance__or_C_S47->CUR_Currency__CUR__S48->_373_Date_E14,X12_00401_856->HLLoop1->SACLoop1->CUR_2->CUR14
ASC_X12_856_004_010_DEFAULT_X->HL_Hierarchical_Level_S3->SAC_Service__Promotion__Allowance__or_C_S47->CUR_Currency__CUR__S48->_373_Date_E17,X12_00401_856->HLLoop1->SACLoop1->CUR_2->CUR17
ASC_X12_856_004_010_DEFAULT_X->HL_Hierarchical_Level_S3->SAC_Service__Promotion__Allowance__or_C_S47->CUR_Currency__CUR__S48->_373_Date_E20,X12_00401_856->HLLoop1->SACLoop1->CUR_2->CUR20
ASC_X12_856_004_010_DEFAULT_X->HL_Hierarchical_Level_S3->V1_Vessel_Identification_S53->DTM_Date_Time_Reference_S55->_373_Date_E2,X12_00401_856->HLLoop1->V1Loop1->DTM_3->DTM02
ASC_X12_856_004_010_DEFAULT_X->HL_Hierarchical_Level_S3->PRF_Purchase_Order_Reference_S7->_373_Date_E4,X12_00401_856->HLLoop1->PRF->PRF04
ASC_X12_856_004_010_DEFAULT_X->HL_Hierarchical_Level_S3->DTM_Date_Time_Reference_S34->_373_Date_E2,X12_00401_856->HLLoop1->DTM_2->DTM02
